"Monster","Name","Description","Type","Tier","Comp%"
"Aberrant Spectre","Noxious Foe","Kill an Aberrant Spectre.","Kill Count","Easy (1 pt)","69.9%"
"Barrows","Defence? What Defence?","Kill any Barrows Brother using only magical damage.","Restriction","Easy (1 pt)","74.4%"
"Barrows","Barrows Novice","Open the Barrows chest 10 times.","Kill Count","Easy (1 pt)","66.1%"
"Black Dragon","Big, Black and Fiery","Kill a Black Dragon.","Kill Count","Easy (1 pt)","80.9%"
"Bloodveld","The Demonic Punching Bag","Kill a Bloodveld.","Kill Count","Easy (1 pt)","79.5%"
"Brutus","Brutus Novice","Kill Brutus.","Kill Count","Easy (1 pt)","54%"
"Bryophyta","A Slow Death","Kill Bryophyta with either poison or venom being the final source of damage.","Restriction","Easy (1 pt)","35.8%"
"Bryophyta","Protection from Moss","Kill Bryophyta with the Protect from Magic prayer active.","Mechanical","Easy (1 pt)","42.6%"
"Bryophyta","Preparation Is Key","Kill Bryophyta without suffering any poison damage.","Perfection","Easy (1 pt)","45%"
"Bryophyta","Bryophyta Novice","Open Bryophyta's chest once.","Kill Count","Easy (1 pt)","47.7%"
"Bryophyta","Fighting as Intended II","Kill Bryophyta on a free to play world.","Restriction","Easy (1 pt)","34.7%"
"Deranged Archaeologist","Deranged Archaeologist Novice","Kill the Deranged Archaeologist 10 times.","Kill Count","Easy (1 pt)","39.4%"
"Fire Giant","The Walking Volcano","Kill a Fire Giant.","Kill Count","Easy (1 pt)","83.7%"
"Giant Mole","Giant Mole Novice","Kill the Giant Mole 10 times.","Kill Count","Easy (1 pt)","44.7%"
"Giants","Into the Den of Giants","Kill a Hill Giant, Moss Giant and Fire Giant in the Giant Cave within the Shayzien region.","Kill Count","Easy (1 pt)","38.4%"
"Greater Demon","Not So Great After All","Finish off a Greater Demon with a demonbane weapon.","Restriction","Easy (1 pt)","61.9%"
"Greater Demon","A Greater Foe","Kill a Greater Demon.","Kill Count","Easy (1 pt)","79.9%"
"Hellhound","A Demon's Best Friend","Kill a Hellhound.","Kill Count","Easy (1 pt)","80.5%"
"King Black Dragon","King Black Dragon Novice","Kill the King Black Dragon 10 times.","Kill Count","Easy (1 pt)","43.4%"
"Lizardman Shaman","A Scaley Encounter","Kill a Lizardman Shaman.","Kill Count","Easy (1 pt)","59.1%"
"Lizardman Shaman","Shayzien Protector","Kill a Lizardman Shaman in Molch which has not dealt damage to anyone (excluding its Spawns).","Perfection","Easy (1 pt)","43.3%"
"Obor","Fighting as Intended","Kill Obor on a free to play world.","Restriction","Easy (1 pt)","33.4%"
"Obor","Obor Novice","Open Obor's chest once.","Kill Count","Easy (1 pt)","47%"
"Obor","Sleeping Giant","Kill Obor whilst he is immobilized.","Mechanical","Easy (1 pt)","34.8%"
"Royal Titans","Let them fight","Kill the Royal Titans while having the Royal Titans kill a total of 10 elementals.","Restriction","Easy (1 pt)","36%"
"Royal Titans","One by one","Kill one Titan at a time, without attacking the other.","Restriction","Easy (1 pt)","34.7%"
"Royal Titans","Elemental Company","Kill the Royal Titans without attacking any elementals.","Restriction","Easy (1 pt)","36.7%"
"Sarachnis","Sarachnis Novice","Kill Sarachnis 10 times.","Kill Count","Easy (1 pt)","41.4%"
"Scurrius","Sit Rat","Finish off Scurrius with a ratbane weapon in a private instance.","Restriction","Easy (1 pt)","37.3%"
"Scurrius","Scurrius Novice","Kill Scurrius once.","Kill Count","Easy (1 pt)","57.2%"
"Shellbane gryphon","Dry Cleaning","Kill the Shellbane Gryphon after clearing its corrosive spit from your armour.","Mechanical","Easy (1 pt)","14.5%"
"Shellbane gryphon","Shellbane Adept","Kill the Shellbane Gryphon 25 times.","Kill Count","Easy (1 pt)","20.9%"
"Tempoross","Master of Buckets","Extinguish at least 5 fires during a single Tempoross fight.","Mechanical","Easy (1 pt)","60.9%"
"Tempoross","Fire in the Hole!","Attack Tempoross from both sides by loading both cannons on both ships.","Mechanical","Easy (1 pt)","40.1%"
"Tempoross","Calm Before the Storm","Repair either a mast or a totem pole.","Mechanical","Easy (1 pt)","66.7%"
"Tempoross","Tempoross Novice","Subdue Tempoross 5 times.","Kill Count","Easy (1 pt)","70.1%"
"Wintertodt","Cosy","Subdue the Wintertodt with four pieces of warm equipment equipped.","Restriction","Easy (1 pt)","77.4%"
"Wintertodt","Mummy!","Heal a pyromancer after they have fallen.","Mechanical","Easy (1 pt)","56.7%"
"Wintertodt","Wintertodt Novice","Subdue the Wintertodt 5 times.","Kill Count","Easy (1 pt)","82%"
"Wintertodt","Handyman","Repair a brazier which has been destroyed by the Wintertodt.","Mechanical","Easy (1 pt)","77.1%"
"Wyrm","A Slithery Encounter","Kill a Wyrm.","Kill Count","Easy (1 pt)","69%"
"Amoxliatl","Temotli Triumph","Kill Amoxliatl using only glacial temotli as a weapon.","Restriction","Medium (2 pts)","25.8%"
"Amoxliatl","Amoxliatl Champion","Kill Amoxliatl once.","Kill Count","Medium (2 pts)","40.8%"
"Barrows","Pray for Success","Kill all six Barrows Brothers and loot the Barrows chest without taking any damage from any of the brothers.","Perfection","Medium (2 pts)","55.6%"
"Barrows","Can't Touch Me","Kill Dharok, Verac, Torag and Guthan without letting them attack you with melee.","Mechanical","Medium (2 pts)","29.1%"
"Barrows","Barrows Champion","Open the Barrows chest 25 times.","Kill Count","Medium (2 pts)","59.6%"
"Brutal Black Dragon","Brutal, Big, Black and Firey","Kill a Brutal Black Dragon.","Kill Count","Medium (2 pts)","41%"
"Brutus","Brutus Champion","Kill Brutus 10 times.","Kill Count","Medium (2 pts)","51.1%"
"Brutus","Beef vs Beef","Kill Brutus whilst neither equipping nor consuming anything.","Perfection","Medium (2 pts)","36.6%"
"Bryophyta","Bryophyta Champion","Open Bryophyta's chest 5 times.","Kill Count","Medium (2 pts)","31.5%"
"Bryophyta","Quick Cutter","Kill all 3 of Bryophyta's growthlings within 3 seconds of the first one dying.","Mechanical","Medium (2 pts)","38.9%"
"Chaos Fanatic","Sorry, What Was That?","Kill the Chaos Fanatic without anyone being hit by his explosion attack.","Perfection","Medium (2 pts)","35.5%"
"Chaos Fanatic","Chaos Fanatic Champion","Kill the Chaos Fanatic 10 times.","Kill Count","Medium (2 pts)","29.8%"
"Crazy Archaeologist","Mage of the Ruins","Kill the Crazy Archaeologist with only magical attacks.","Mechanical","Medium (2 pts)","50.5%"
"Crazy Archaeologist","I'd Rather Not Learn","Kill the Crazy Archaeologist without anyone being hit by his ""Rain of Knowledge"" attack.","Perfection","Medium (2 pts)","43%"
"Crazy Archaeologist","Crazy Archaeologist Champion","Kill the Crazy Archaeologist 10 times.","Kill Count","Medium (2 pts)","42.9%"
"Dagannoth Prime","Dagannoth Prime Champion","Kill Dagannoth Prime 10 times.","Kill Count","Medium (2 pts)","36.6%"
"Dagannoth Rex","Dagannoth Rex Champion","Kill Dagannoth Rex 10 times.","Kill Count","Medium (2 pts)","51.1%"
"Dagannoth Rex","A Frozen King","Kill Dagannoth Rex whilst he is immobilized.","Mechanical","Medium (2 pts)","24.7%"
"Dagannoth Supreme","Dagannoth Supreme Champion","Kill Dagannoth Supreme 10 times.","Kill Count","Medium (2 pts)","36.1%"
"Deranged Archaeologist","Deranged Archaeologist Champion","Kill the Deranged Archaeologist 25 times.","Kill Count","Medium (2 pts)","35.2%"
"Deranged Archaeologist","Mage of the Swamp","Kill the Deranged Archaeologist with only magical attacks.","Mechanical","Medium (2 pts)","41.7%"
"Deranged Archaeologist","I'd Rather Be Illiterate","Kill the Deranged Archaeologist without anyone being hit by his ""Learn to Read"" attack.","Perfection","Medium (2 pts)","41.3%"
"Gargoyle","A Smashing Time","Kill a Gargoyle.","Kill Count","Medium (2 pts)","59.2%"
"Giant Mole","Giant Mole Champion","Kill the Giant mole 25 times.","Kill Count","Medium (2 pts)","40.4%"
"Giant Mole","Avoiding Those Little Arms","Kill the Giant Mole without her damaging anyone.","Perfection","Medium (2 pts)","51.8%"
"King Black Dragon","Hide Penetration","Kill the King Black Dragon with a stab weapon.","Restriction","Medium (2 pts)","40.5%"
"King Black Dragon","Claw Clipper","Kill the King Black Dragon with the Protect from Melee prayer activated.","Mechanical","Medium (2 pts)","41.9%"
"King Black Dragon","King Black Dragon Champion","Kill the King Black Dragon 25 times.","Kill Count","Medium (2 pts)","37.4%"
"King Black Dragon","Antifire Protection","Kill the King Black Dragon with an antifire potion active and an antidragon shield equipped.","Restriction","Medium (2 pts)","46.6%"
"Kurask","Master of Broad Weaponry","Kill a Kurask.","Kill Count","Medium (2 pts)","59.6%"
"Mad Angel","Dancing Queen","Kill the Mad Angel after getting 6 consecutive enhanced attacks by dodging the sweep attack successfully during her enrage phase.","Mechanical","Medium (2 pts)","2.5%"
"Mad Angel","Juggling Act","Kill the Mad Angel after attacking her between each bounce of the blast attack during her enrage phase. This does not need to be done immediately prior to the Mad Angel dying; it just needs to be done at any point in the fight after she becomes enraged.","Mechanical","Medium (2 pts)","3.2%"
"Mad Angel","Smite Fight","Kill the Mad Angel after getting 3 consecutive enhanced attacks by successfully praying against the smite attacks during her enrage phase.","Mechanical","Medium (2 pts)","2.9%"
"Mad Angel","Mad Angel Adept","Kill the Mad Angel 25 times.","Kill Count","Medium (2 pts)","5.1%"
"Moons of Peril","Lunar Triplet","Open the Reward Chest after defeating all three Moons.","Kill Count","Medium (2 pts)","59.1%"
"Moons of Peril","Perilous Novice","Open the Reward Chest 5 times.","Kill Count","Medium (2 pts)","50.9%"
"Moons of Peril","Back to Our Roots","Defeat all three Moons in one run by only attacking with a Dragon Scimitar.","Restriction","Medium (2 pts)","34.3%"
"Moons of Peril","Moons of Peril Speed-Trialist","Defeat all three Moons in one run in under 8 minutes.","Speed","Medium (2 pts)","48.5%"
"N/A","Sit Back and Relax","Deal 100 damage to creatures using undead thralls.","Mechanical","Medium (2 pts)","55.4%"
"Obor","Obor Champion","Open Obor's chest 5 times.","Kill Count","Medium (2 pts)","31%"
"Obor","Back to the Wall","Kill Obor without being pushed back more than one square by his knockback attack.","Mechanical","Medium (2 pts)","42.2%"
"Obor","Squashing the Giant","Kill Obor without taking any damage off prayer.","Perfection","Medium (2 pts)","33.3%"
"Royal Titans","It takes too long","Kill both Royal Titans while they are charging up their area attack. Both titans must die during the same charging phase.","Mechanical","Medium (2 pts)","38.2%"
"Royal Titans","Royal Titan Adept","Kill the Royal Titans 25 times.","Kill Count","Medium (2 pts)","41.4%"
"Royal Titans","Royal Titan Champion","Kill the Royal Titans 10 times.","Kill Count","Medium (2 pts)","45.2%"
"Sarachnis","Sarachnis Champion","Kill Sarachnis 25 times.","Kill Count","Medium (2 pts)","36.6%"
"Sarachnis","Newspaper Enthusiast","Kill Sarachnis with a crush weapon.","Restriction","Medium (2 pts)","44.3%"
"Scurrius","Perfect Scurrius","Kill Scurrius in a private instance without taking damage from the following attacks: Tail Swipe and Falling Bricks. Pray correctly against the following attacks: Flying Fur and Bolts of Electricity.","Perfection","Medium (2 pts)","42%"
"Scurrius","Efficient Pest Control","Kill 6 Giant Rats within Scurrius' lair in 3 seconds.","Mechanical","Medium (2 pts)","34.4%"
"Scurrius","Scurrius Champion","Kill Scurrius 10 times.","Kill Count","Medium (2 pts)","48.1%"
"Shellbane gryphon","Shellbane Speedrunner","Kill the Shellbane Gryphon 10 times within 12:30 minutes of entering the cave.","Speed","Medium (2 pts)","15.8%"
"Shellbane gryphon","Perfect Shellbane","Kill the Shellbane Gryphon without taking damage.","Perfection","Medium (2 pts)","20%"
"Shellbane gryphon","Shellbane Veteran","Kill the Shellbane Gryphon 50 times.","Kill Count","Medium (2 pts)","19.7%"
"Skeletal Wyvern","A Frozen Foe from the Past","Kill a Skeletal Wyvern","Kill Count","Medium (2 pts)","61.9%"
"Skotizo","Skotizo Champion","Kill Skotizo once.","Kill Count","Medium (2 pts)","56.9%"
"Skotizo","Demonic Weakening","Kill Skotizo with no altars active.","Mechanical","Medium (2 pts)","45.3%"
"Skotizo","Demonbane Weaponry","Kill Skotizo with a demonbane weapon equipped.","Restriction","Medium (2 pts)","52.3%"
"Tempoross","Tempoross Champion","Subdue Tempoross 10 times.","Kill Count","Medium (2 pts)","66.5%"
"Tempoross","The Lone Angler","Subdue Tempoross alone without getting hit by any fires, torrents or waves.","Perfection","Medium (2 pts)","44.9%"
"The Hueycoatl","You're a wizard","Kill the Hueycoatl using only earth spells.","Restriction","Medium (2 pts)","23.6%"
"The Hueycoatl","Hueycoatl Champion","Kill the Hueycoatl once.","Kill Count","Medium (2 pts)","41.3%"
"Wintertodt","Can We Fix It?","Subdue the Wintertodt without allowing all 4 braziers to be broken at the same time.","Perfection","Medium (2 pts)","79.4%"
"Wintertodt","Wintertodt Champion","Subdue the Wintertodt 10 times.","Kill Count","Medium (2 pts)","80%"
"Wintertodt","Leaving No One Behind","Subdue the Wintertodt without any of the Pyromancers falling.","Restriction","Medium (2 pts)","74.9%"
"Abyssal Sire","Don't Whip Me","Kill the Abyssal Sire without being hit by any external tentacles.","Mechanical","Hard (3 pts)","31.9%"
"Abyssal Sire","Don't Stop Moving","Kill the Abyssal Sire without taking damage from any miasma pools.","Perfection","Hard (3 pts)","30.4%"
"Abyssal Sire","They Grow Up Too Fast","Kill the Abyssal Sire without letting any Scion mature.","Mechanical","Hard (3 pts)","22.6%"
"Abyssal Sire","Abyssal Adept","Kill the Abyssal Sire 20 times.","Kill Count","Hard (3 pts)","31.3%"
"Amoxliatl","Amoxliatl Adept","Kill Amoxliatl 20 times.","Kill Count","Hard (3 pts)","32.7%"
"Amoxliatl","Totally Shattered","Kill Amoxliatl without any of her unstable ice shattering.","Mechanical","Hard (3 pts)","39.6%"
"Amoxliatl","Nagua Negation","Kill Amoxliatl without taking any damage.","Perfection","Hard (3 pts)","35.4%"
"Amoxliatl","Kemo Makti","Kill Amoxliatl 10 times without leaving her chamber.","Stamina","Hard (3 pts)","30.6%"
"Amoxliatl","Amoxliatl Speed-Trialist","Kill Amoxliatl in less than 1 minute.","Speed","Hard (3 pts)","28%"
"Barrows","Just Like That","Kill Karil using only damage dealt by special attacks.","Restriction","Hard (3 pts)","41%"
"Barrows","Faithless Crypt Run","Kill all six Barrows Brothers and loot the Barrows chest without ever having more than 0 prayer points.","Restriction","Hard (3 pts)","38.2%"
"Brutus","Smarter than a Cow","Kill Brutus without being attacked.","Mechanical","Hard (3 pts)","39.7%"
"Callisto","Callisto Adept","Kill Callisto 10 times.","Kill Count","Hard (3 pts)","29.5%"
"Chaos Elemental","Hoarder","Kill the Chaos Elemental without it unequipping any of your items.","Mechanical","Hard (3 pts)","33.3%"
"Chaos Elemental","The Flincher","Kill the Chaos Elemental without taking any damage from its attacks.","Perfection","Hard (3 pts)","18.8%"
"Chaos Elemental","Chaos Elemental Adept","Kill the Chaos Elemental 10 times.","Kill Count","Hard (3 pts)","23.2%"
"Chaos Fanatic","Chaos Fanatic Adept","Kill the Chaos Fanatic 25 times.","Kill Count","Hard (3 pts)","24.6%"
"Chaos Fanatic","Praying to the Gods","Kill the Chaos Fanatic 10 times without drinking any potion which restores prayer or leaving the Wilderness.","Restriction","Hard (3 pts)","19.6%"
"Commander Zilyana","Commander Zilyana Adept","Kill Commander Zilyana 50 times.","Kill Count","Hard (3 pts)","19.5%"
"Commander Zilyana","Commander Showdown","Finish off Commander Zilyana while all of her bodyguards are dead.","Mechanical","Hard (3 pts)","12.9%"
"Crazy Archaeologist","Crazy Archaeologist Adept","Kill the Crazy Archaeologist 25 times.","Kill Count","Hard (3 pts)","35.8%"
"Dagannoth Prime","Dagannoth Prime Adept","Kill Dagannoth Prime 25 times.","Kill Count","Hard (3 pts)","32.4%"
"Dagannoth Rex","Dagannoth Rex Adept","Kill Dagannoth Rex 25 times.","Kill Count","Hard (3 pts)","47.2%"
"Dagannoth Supreme","Dagannoth Supreme Adept","Kill Dagannoth Supreme 25 times.","Kill Count","Hard (3 pts)","31.8%"
"General Graardor","General Graardor Adept","Kill General Graardor 50 times.","Kill Count","Hard (3 pts)","27.1%"
"General Graardor","General Showdown","Finish off General Graardor whilst all of his bodyguards are dead.","Mechanical","Hard (3 pts)","12.4%"
"General Graardor","Ourg Freezer","Kill General Graardor whilst he is immobilized[sic].","Mechanical","Hard (3 pts)","17.9%"
"Giant Mole","Whack-a-Mole","Kill the Giant Mole within 10 seconds of her resurfacing.","Mechanical","Hard (3 pts)","41.4%"
"Giant Mole","Why Are You Running?","Kill the Giant Mole without her burrowing more than 2 times.","Mechanical","Hard (3 pts)","49.8%"
"Grotesque Guardians","Heal No More","Kill the Grotesque Guardians without letting Dawn receive any healing from her orbs.","Mechanical","Hard (3 pts)","37.7%"
"Grotesque Guardians","Don't Look at the Eclipse","Kill the Grotesque Guardians without taking damage from Dusk's blinding attack.","Mechanical","Hard (3 pts)","37.1%"
"Grotesque Guardians","Static Awareness","Kill the Grotesque Guardians without being hit by any lightning attacks.","Mechanical","Hard (3 pts)","37.2%"
"Grotesque Guardians","Grotesque Guardians Adept","Kill the Grotesque Guardians 25 times.","Kill Count","Hard (3 pts)","32.2%"
"Grotesque Guardians","Prison Break","Kill the Grotesque Guardians without taking damage from Dusk's prison attack.","Mechanical","Hard (3 pts)","37.8%"
"Grotesque Guardians","Granite Footwork","Kill the Grotesque Guardians without taking damage from Dawn's rockfall attack.","Mechanical","Hard (3 pts)","37.5%"
"Hespori","Weed Whacker","Kill all of Hesporis flowers within 5 seconds.","Mechanical","Hard (3 pts)","54%"
"Hespori","Hespori Adept","Kill Hespori 5 times.","Kill Count","Hard (3 pts)","59.3%"
"Hespori","Hesporisn't","Finish off Hespori with a special attack.","Mechanical","Hard (3 pts)","45.1%"
"K'ril Tsutsaroth","K'ril Tsutsaroth Adept","Kill K'ril Tsutsaroth 50 times.","Kill Count","Hard (3 pts)","21.6%"
"K'ril Tsutsaroth","Demonic Showdown","Finish off K'ril Tsutsaroth whilst all of his bodyguards are dead.","Mechanical","Hard (3 pts)","12.1%"
"K'ril Tsutsaroth","Demonbane Weaponry II","Finish off K'ril Tsutsaroth with a demonbane weapon.","Restriction","Hard (3 pts)","35.2%"
"K'ril Tsutsaroth","Yarr No More","Receive kill-credit for K'ril Tsutsaroth without him using his special attack.","Mechanical","Hard (3 pts)","36.9%"
"Kalphite Queen","Chitin Penetrator","Kill the Kalphite Queen while her defence was last lowered by you.","Mechanical","Hard (3 pts)","32.7%"
"Kalphite Queen","Kalphite Queen Adept","Kill the Kalphite Queen 25 times.","Kill Count","Hard (3 pts)","26%"
"King Black Dragon","Who Is the King Now?","Kill The King Black Dragon 10 times in a private instance without leaving the instance.","Stamina","Hard (3 pts)","21.8%"
"Kraken","Kraken Adept","Kill the Kraken 20 times.","Kill Count","Hard (3 pts)","42.4%"
"Kraken","Krakan't Hurt Me","Kill the Kraken 25 times in a private instance without leaving the room.","Stamina","Hard (3 pts)","36.2%"
"Kraken","Unnecessary Optimisation","Kill the Kraken after killing all four tentacles.","Mechanical","Hard (3 pts)","32.8%"
"Kree'arra","Kree'arra Adept","Kill Kree'arra 50 times.","Kill Count","Hard (3 pts)","15.2%"
"Kree'arra","Airborne Showdown","Finish off Kree'arra whilst all of his bodyguards are dead.","Mechanical","Hard (3 pts)","9.7%"
"Mad Angel","Mad Angel Speed-Runner","Kill the Mad Angel 5 times within 10 minutes of entering her arena.","Speed","Hard (3 pts)","2.8%"
"Mad Angel","Mad Angel Veteran","Kill the Mad Angel 50 times.","Kill Count","Hard (3 pts)","4.2%"
"Mad Angel","Perfect Mad Angel","Kill the Mad Angel without taking any avoidable damage.","Perfection","Hard (3 pts)","3%"
"Maggot King","Maggot Squasher","Kill the Maggot King.","Kill Count","Hard (3 pts)","10.2%"
"Moons of Peril","Perilous Champion","Open the Reward Chest 25 times.","Kill Count","Hard (3 pts)","43.2%"
"Moons of Peril","Fat of the Land","Defeat 30 Moons of Peril bosses without leaving the dungeon.","Stamina","Hard (3 pts)","42.1%"
"Moons of Peril","Betrayal","Defeat a Moon using its associated weapon drop.","Restriction","Hard (3 pts)","32.1%"
"Moons of Peril","The Clone Zone","Defeat the Eclipse moon by only attacking its clones.","Mechanical","Hard (3 pts)","37.4%"
"Moons of Peril","Fortified","Defeat a Moon without consuming any supplies.","Restriction","Hard (3 pts)","48.9%"
"Moons of Peril","Perilous Dancer","Defeat all the Moons in one run while only taking damage from regular attacks.","Perfection","Hard (3 pts)","31.1%"
"Moons of Peril","Moons of Peril Speed-Chaser","Defeat all three Moons in one run in under 6 minutes.","Speed","Hard (3 pts)","41.8%"
"Phantom Muspah","Phantom Muspah Adept","Kill the Phantom Muspah.","Kill Count","Hard (3 pts)","32.4%"
"Royal Titans","Titan Killer","Kill the Royal Titans 15 times without anyone leaving the instance. If a player joins the fight, the current streak will be reset to 0. If a player leaves the fight, the task will be failed and a new instance will need to be created.","Stamina","Hard (3 pts)","17.7%"
"Royal Titans","I need room","Kill the Royal Titans while extinguishing all fires and melting all icicles before they dissipate naturally.","Restriction","Hard (3 pts)","37.4%"
"Royal Titans","Perfect Royal Titans","Kill the Royal Titans without getting hit by any avoidable damage. This includes: Melee attacks, Explosions from the ice or fire elemental, Icicle or fire spawn damage, and Ice or fire pulse attacks.","Perfection","Hard (3 pts)","37.6%"
"Royal Titans","Royal Titan Speed-Runner","Kill the Royal Titans in less than 1:30 minutes.","Speed","Hard (3 pts)","28.1%"
"Sarachnis","Inspect Repellent","Kill Sarachnis without her dealing damage to anyone.","Perfection","Hard (3 pts)","41.2%"
"Sarachnis","Ready to Pounce","Kill Sarachnis without her using her range attack twice in a row.","Mechanical","Hard (3 pts)","37.3%"
"Scorpia","I Can't Reach That","Kill Scorpia without taking any damage from her.","Perfection","Hard (3 pts)","24.5%"
"Scorpia","Guardians No More","Kill Scorpia without killing her guardians.","Restriction","Hard (3 pts)","30.2%"
"Scorpia","Scorpia Adept","Kill Scorpia 10 times.","Kill Count","Hard (3 pts)","21.5%"
"Shellbane gryphon","Featherweight Fighter","Kill the Shellbane Gryphon 5 times without leaving the cave, while wearing gear weighing less than 40kg.","Restriction","Hard (3 pts)","14.4%"
"Shellbane gryphon","Shellbane Survivor","Kill the Shellbane Gryphon 25 times without leaving the cave.","Stamina","Hard (3 pts)","14.4%"
"Skotizo","Skotizo Adept","Kill Skotizo 5 times.","Kill Count","Hard (3 pts)","47.7%"
"Tempoross","Why Cook?","Subdue Tempoross, getting rewarded with 10 reward permits from a single Tempoross fight.","Mechanical","Hard (3 pts)","31.2%"
"Tempoross","Dress Like You Mean It","Subdue Tempoross while wearing any variation of the angler outfit.","Restriction","Hard (3 pts)","48.2%"
"The Hueycoatl","I'm your son","Kill the Hueycoatl whilst wearing two pieces of Hueycoatl armour.","Restriction","Hard (3 pts)","13.5%"
"The Hueycoatl","Pillar Lover","Kill the Hueycoatl whilst it is vulnerable.","Mechanical","Hard (3 pts)","33.4%"
"The Hueycoatl","Hueycoatl Adept","Kill the Hueycoatl 10 times.","Kill Count","Hard (3 pts)","36.3%"
"The Nightmare","Nightmare Adept","Kill The Nightmare once.","Kill Count","Hard (3 pts)","18.5%"
"Theatre of Blood: Entry Mode","Theatre of Blood: SM Adept","Complete the Theatre of Blood: Entry Mode 1 time.","Kill Count","Hard (3 pts)","49.1%"
"Tombs of Amascut: Entry Mode","Movin' on up","Complete a Tombs of Amascut raid at level 50 or above.","Restriction","Hard (3 pts)","46.8%"
"Tombs of Amascut: Entry Mode","Novice Tomb Explorer","Complete the Tombs of Amascut in Entry mode (or above) once.","Kill Count","Hard (3 pts)","49.5%"
"Tombs of Amascut: Entry Mode","Confident Raider","Complete a Tombs of Amascut raid at level 100 or above.","Restriction","Hard (3 pts)","45.3%"
"Tombs of Amascut: Entry Mode","Novice Tomb Looter","Complete the Tombs of Amascut in Entry mode (or above) 25 times.","Kill Count","Hard (3 pts)","29.2%"
"Venenatis","Venenatis Adept","Kill Venenatis 10 times.","Kill Count","Hard (3 pts)","27.1%"
"Vet'ion","Vet'ion Adept","Kill Vet'ion 10 times.","Kill Count","Hard (3 pts)","34.9%"
"Wintertodt","Why Fletch?","Subdue the Wintertodt after earning 3000 or more points.","Stamina","Hard (3 pts)","39.8%"
"Zulrah","Zulrah Adept","Kill Zulrah 25 times.","Kill Count","Hard (3 pts)","38.9%"
"Abyssal Sire","Respiratory Runner","Kill the Abyssal Sire after only stunning him once.","Mechanical","Elite (4 pts)","28.8%"
"Abyssal Sire","Abyssal Veteran","Kill the Abyssal Sire 50 times.","Kill Count","Elite (4 pts)","28.8%"
"Abyssal Sire","Perfect Sire","Kill the Abyssal Sire without taking damage from the external tentacles, miasma pools, explosion or damage from the Abyssal Sire without praying the appropriate protection prayer.","Perfection","Elite (4 pts)","29.2%"
"Abyssal Sire","Demonic Rebound","Use the Vengeance spell to reflect the damage from the Abyssal Sire's explosion back to him.","Mechanical","Elite (4 pts)","18%"
"Alchemical Hydra","Alchemical Veteran","Kill the Alchemical Hydra 75 times.","Kill Count","Elite (4 pts)","24%"
"Amoxliatl","Without Ralos' Light","Kill Amoxliatl without losing any prayer points.","Restriction","Elite (4 pts)","23.1%"
"Amoxliatl","Amoxliatl Speed-Chaser","Kill Amoxliatl in less than 30 seconds.","Speed","Elite (4 pts)","7.6%"
"Araxxor","Araxxor Speed-Trialist","Kill Araxxor 4 times in 10:00.","Speed","Elite (4 pts)","24.8%"
"Araxxor","Araxxor Veteran","Kill Araxxor 25 times.","Kill Count","Elite (4 pts)","26.4%"
"Araxxor","Relaxxor","Kill Araxxor after destroying six eggs.","Restriction","Elite (4 pts)","16%"
"Basilisk Knight","Reflecting on This Encounter","Kill a Basilisk Knight.","Kill Count","Elite (4 pts)","43.2%"
"Brutus","Brutus Speed-Trialist","Kill Brutus in less than 2 seconds.","Speed","Elite (4 pts)","28.1%"
"Callisto","Callisto Veteran","Kill Callisto 20 times.","Kill Count","Elite (4 pts)","27.5%"
"Cerberus","Cerberus Veteran","Kill Cerberus 75 times.","Kill Count","Elite (4 pts)","29.3%"
"Cerberus","Unrequired Antifire","Kill Cerberus without taking damage from any lava pools.","Perfection","Elite (4 pts)","31.6%"
"Cerberus","Ghost Buster","Kill Cerberus after successfully negating 6 or more attacks from Summoned Souls.","Mechanical","Elite (4 pts)","28.4%"
"Cerberus","Anti-Bite Mechanics","Kill Cerberus without taking any melee damage.","Perfection","Elite (4 pts)","31.2%"
"Chambers of Xeric","Chambers of Xeric Veteran","Complete the Chambers of Xeric 25 times.","Kill Count","Elite (4 pts)","23%"
"Chambers of Xeric","Blizzard Dodger","Receive kill-credit for the Ice Demon without activating the Protect from Range prayer.","Restriction","Elite (4 pts)","20.3%"
"Chambers of Xeric","Shayzien Specialist","Receive kill-credit for a Lizardman Shaman without taking damage from any shamans in the room.","Perfection","Elite (4 pts)","21.6%"
"Chambers of Xeric","Mutta-diet","Kill the Muttadile without letting her or her baby recover hitpoints from the meat tree.","Mechanical","Elite (4 pts)","34.2%"
"Chambers of Xeric","Undying Raid Team","Complete a Chambers of Xeric raid without anyone dying.","Perfection","Elite (4 pts)","29.9%"
"Chambers of Xeric","Kill It with Fire","Finish off the Ice Demon with a fire spell.","Restriction","Elite (4 pts)","21.6%"
"Chambers of Xeric","Cryo No More","Receive kill-credit for the Ice Demon without taking any damage.","Perfection","Elite (4 pts)","23.8%"
"Chambers of Xeric","Redemption Enthusiast","Kill the Abyssal Portal without forcing Vespula to land.","Mechanical","Elite (4 pts)","23.9%"
"Chambers of Xeric","Dancing with Statues","Receive kill-credit for a Stone Guardian without taking damage from falling rocks.","Perfection","Elite (4 pts)","28.3%"
"Chambers of Xeric","Together We'll Fall","Kill the Vanguards within 10 seconds of the first one dying.","Mechanical","Elite (4 pts)","19.6%"
"Chambers of Xeric","Perfectly Balanced","Kill the Vanguards without them resetting their health.","Mechanical","Elite (4 pts)","26.4%"
"Chambers of Xeric: Challenge Mode","Dust Seeker","Complete a Chambers of Xeric Challenge mode raid in the target time.","Speed","Elite (4 pts)","15.4%"
"Chaos Elemental","Chaos Elemental Veteran","Kill the Chaos Elemental 25 times.","Kill Count","Elite (4 pts)","19.2%"
"Commander Zilyana","Reminisce","Kill Commander Zilyana in a private instance with melee only.","Restriction","Elite (4 pts)","7.6%"
"Commander Zilyana","Commander Zilyana Veteran","Kill Commander Zilyana 100 times.","Kill Count","Elite (4 pts)","15.2%"
"Corporeal Beast","Finding the Weak Spot","Finish off the Corporeal Beast with a Halberd special attack.","Restriction","Elite (4 pts)","12.7%"
"Corporeal Beast","Chicken Killer","Kill the Corporeal Beast solo.","Restriction","Elite (4 pts)","14.5%"
"Corporeal Beast","Hot on Your Feet","Kill the Corporeal Beast without anyone killing the dark core or taking damage from the dark core.","Perfection","Elite (4 pts)","14.5%"
"Corporeal Beast","Corporeal Beast Veteran","Kill the Corporeal Beast 25 times.","Kill Count","Elite (4 pts)","13.7%"
"Corrupted Hunllef","3, 2, 1 - Mage","Kill the Corrupted Hunllef without taking damage off prayer.","Perfection","Elite (4 pts)","35.9%"
"Corrupted Hunllef","Corrupted Gauntlet Veteran","Complete the Corrupted Gauntlet 5 times.","Kill Count","Elite (4 pts)","35.1%"
"Crystalline Hunllef","Crystalline Warrior","Kill the Crystalline Hunllef with a full set of perfected armour equipped.","Restriction","Elite (4 pts)","21.9%"
"Crystalline Hunllef","Egniol Diet","Kill the Crystalline Hunllef without making an egniol potion within the Gauntlet.","Restriction","Elite (4 pts)","17.7%"
"Crystalline Hunllef","Wolf Puncher","Kill the Crystalline Hunllef without making more than one attuned weapon.","Restriction","Elite (4 pts)","20.6%"
"Crystalline Hunllef","3, 2, 1 - Range","Kill the Crystalline Hunllef without taking damage off prayer.","Perfection","Elite (4 pts)","32.6%"
"Crystalline Hunllef","Gauntlet Veteran","Complete the Gauntlet 5 times.","Kill Count","Elite (4 pts)","42.8%"
"Dagannoth Prime","From One King to Another","Kill Prime using a Rune Thrownaxe special attack, bounced off Dagannoth Rex.","Mechanical","Elite (4 pts)","11.9%"
"Dagannoth Prime","Death to the Seer King","Kill Dagannoth Prime whilst under attack by Dagannoth Supreme and Dagannoth Rex.","Mechanical","Elite (4 pts)","15.2%"
"Dagannoth Rex","Death to the Warrior King","Kill Dagannoth Rex whilst under attack by Dagannoth Supreme and Dagannoth Prime.","Mechanical","Elite (4 pts)","17%"
"Dagannoth Rex","Toppling the Diarchy","Kill Dagannoth Rex and one other Dagannoth king at the exact same time.","Mechanical","Elite (4 pts)","8.7%"
"Dagannoth Supreme","Rapid Succession","Kill all three Dagannoth Kings within 9 seconds of the first one.","Mechanical","Elite (4 pts)","9.1%"
"Dagannoth Supreme","Death to the Archer King","Kill Dagannoth Supreme whilst under attack by Dagannoth Prime and Dagannoth Rex.","Mechanical","Elite (4 pts)","24.8%"
"Demonic Gorilla","If Gorillas Could Fly","Kill a Demonic Gorilla.","Kill Count","Elite (4 pts)","60.1%"
"Demonic Gorilla","Hitting Them Where It Hurts","Finish off a Demonic Gorilla with a demonbane weapon.","Restriction","Elite (4 pts)","44.6%"
"Doom of Mokhaiotl","Exposed Doom","Defeat the Doom of Mokhaiotl during its Melee charge phase.","Mechanical","Elite (4 pts)","21.9%"
"Doom of Mokhaiotl","Doom Adept","Defeat the Doom of Mokhaiotl at delve level 3.","Kill Count","Elite (4 pts)","23.4%"
"Doom of Mokhaiotl","Doom Crawler","Defeat the Doom of Mokhaiotl level 1 in less than 30 seconds.","Speed","Elite (4 pts)","5.4%"
"Duke Sucellus","Duke Sucellus Adept","Kill Duke Sucellus once.","Kill Count","Elite (4 pts)","29.9%"
"Duke Sucellus","Duke Sucellus Speed-Trialist","Kill Duke Sucellus in less than 1:00 minutes without a slayer task.","Speed","Elite (4 pts)","16.3%"
"Fortis Colosseum","Furball","Complete Wave 4 without taking avoidable damage from a Manticore.","Perfection","Elite (4 pts)","17.2%"
"Fortis Colosseum","Denied","Complete Wave 7 without the Minotaur ever healing other enemies.","Mechanical","Elite (4 pts)","15.4%"
"Fortis Colosseum","I was here first!","Kill a Jaguar Warrior using a Claw-type weapon special attack.","Mechanical","Elite (4 pts)","10.4%"
"Fragment of Seren","Fragment of Seren Speed-Trialist","Kill The Fragment of Seren in less than 4 minutes.","Speed","Elite (4 pts)","6.7%"
"Galvek","Galvek Speed-Trialist","Kill Galvek in less than 3 minutes.","Speed","Elite (4 pts)","7%"
"General Graardor","Ourg Freezer II","Kill General Graardor without him attacking any players.","Mechanical","Elite (4 pts)","19.2%"
"General Graardor","General Graardor Veteran","Kill General Graardor 100 times.","Kill Count","Elite (4 pts)","22.6%"
"Giant Mole","Hard Hitter","Kill the Giant Mole with 4 or fewer instances of damage.","Mechanical","Elite (4 pts)","28.4%"
"Glough","Glough Speed-Trialist","Kill Glough in less than 2 minutes and 30 seconds.","Speed","Elite (4 pts)","8.4%"
"Grotesque Guardians","Done before Dusk","Kill the Grotesque Guardians before Dusk uses his prison attack for a second time.","Mechanical","Elite (4 pts)","37.6%"
"Grotesque Guardians","Perfect Grotesque Guardians","Kill the Grotesque Guardians whilst completing the ""Don't look at the eclipse"", ""Prison Break"", ""Granite Footwork"", ""Heal no more"", ""Static Awareness"" and ""Done before dusk"" tasks.","Perfection","Elite (4 pts)","35.3%"
"Grotesque Guardians","Grotesque Guardians Veteran","Kill the Grotesque Guardians 50 times.","Kill Count","Elite (4 pts)","28.3%"
"Grotesque Guardians","Grotesque Guardians Speed-Trialist","Kill the Grotesque Guardians in less than 2 minutes.","Speed","Elite (4 pts)","27.6%"
"Grotesque Guardians","From Dusk...","Kill the Grotesque Guardians 10 times without leaving the instance.","Stamina","Elite (4 pts)","22.5%"
"Hespori","Hespori Speed-Trialist","Kill the Hespori in less than 48 seconds.","Speed","Elite (4 pts)","23.2%"
"Hespori","Plant-Based Diet","Kill Hespori without losing any prayer points.","Restriction","Elite (4 pts)","32.6%"
"K'ril Tsutsaroth","The Bane of Demons","Defeat K'ril Tsutsaroth in a private instance using only demonbane spells.","Mechanical","Elite (4 pts)","8.6%"
"K'ril Tsutsaroth","K'ril Tsutsaroth Veteran","Kill K'ril Tsutsaroth 100 times.","Kill Count","Elite (4 pts)","16.6%"
"K'ril Tsutsaroth","Demonic Defence","Kill K'ril Tsutsaroth in a private instance without taking any of his melee hits.","Perfection","Elite (4 pts)","14.2%"
"Kalphite Queen","Kalphite Queen Veteran","Kill the Kalphite Queen 50 times.","Kill Count","Elite (4 pts)","23%"
"Kalphite Queen","Insect Deflection","Kill the Kalphite Queen by using the Vengeance spell as the finishing blow.","Mechanical","Elite (4 pts)","19.7%"
"Kalphite Queen","Prayer Smasher","Kill the Kalphite Queen using only the Verac's Flail as a weapon.","Restriction","Elite (4 pts)","17.5%"
"Kraken","Ten-tacles","Kill the Kraken 50 times in a private instance without leaving the room.","Stamina","Elite (4 pts)","31.6%"
"Kree'arra","Kree'arra Veteran","Kill Kree'arra 100 times.","Kill Count","Elite (4 pts)","12.3%"
"Leviathan","Leviathan Speed-Trialist","Kill the Leviathan in less than 1:50 without a slayer task.","Speed","Elite (4 pts)","8.9%"
"Leviathan","Leviathan Adept","Kill the Leviathan once.","Kill Count","Elite (4 pts)","17.2%"
"Mad Angel","This Is Madness","Kill the Mad Angel 15 times without leaving her arena.","Stamina","Elite (4 pts)","2.2%"
"Mad Angel","The Pen Is Mightier","Kill the Mad Angel without equipping any weapon.","Restriction","Elite (4 pts)","2.7%"
"Maggot King","Maggot Exterminator","Kill the Maggot King 25 times.","Kill Count","Elite (4 pts)","7.9%"
"Maggot King","Trying to fit in","Kill the Maggot King using only weapons that can be found in Vampyrium.","Restriction","Elite (4 pts)","2.6%"
"Moons of Peril","High Hitter","Defeat a Moon before they start their second special attack.","Mechanical","Elite (4 pts)","52.4%"
"Nex","Nex Survivors","Kill Nex without anyone dying.","Restriction","Elite (4 pts)","22.7%"
"Nex","Nex Veteran","Kill Nex once.","Kill Count","Elite (4 pts)","23.8%"
"Phantom Muspah","Can't Escape","Kill the Phantom Muspah without running.","Restriction","Elite (4 pts)","15.4%"
"Phantom Muspah","Phantom Muspah Veteran","Kill the Phantom Muspah 25 times.","Kill Count","Elite (4 pts)","25.6%"
"Phantom Muspah","Versatile Drainer","Drain the Phantom Muspah's Prayer with three different sources in one kill.","Mechanical","Elite (4 pts)","18.3%"
"Phantom Muspah","Phantom Muspah Speed-Trialist","Kill the Phantom Muspah in less than 3 minutes without a slayer task.","Speed","Elite (4 pts)","22.1%"
"Phosani's Nightmare","Phosani's Veteran","Kill Phosani's Nightmare once.","Kill Count","Elite (4 pts)","9%"
"Royal Titans","No time to pray","Kill the Royal Titans without losing any prayer points.","Restriction","Elite (4 pts)","17.7%"
"Scorpia","Scorpia Veteran","Kill Scorpia 25 times.","Kill Count","Elite (4 pts)","18.2%"
"Skotizo","Demon Evasion","Kill Skotizo without taking any damage.","Perfection","Elite (4 pts)","25.7%"
"Skotizo","Up for the Challenge","Kill Skotizo without equipping a demonbane weapon.","Restriction","Elite (4 pts)","31%"
"The Hueycoatl","Hueycoatl Veteran","Kill the Hueycoatl 25 times.","Kill Count","Elite (4 pts)","30.1%"
"The Hueycoatl","Perfect Hueycoatl","Kill the Hueycoatl perfectly 5 times without leaving. To get a perfect kill, you must not take any avoidable damage from the Hueycoatl's lightning attack, tail slam attack or off-prayer projectile attacks.","Perfection","Elite (4 pts)","18.1%"
"The Hueycoatl","Hueycoatl Speed-Trialist","Kill the Hueycoatl in 2:30","Speed","Elite (4 pts)","33.6%"
"The Mimic","Mimic Veteran","Kill the Mimic once.","Kill Count","Elite (4 pts)","27.4%"
"The Nightmare","Nightmare (5-Scale) Speed-Trialist","Defeat the Nightmare (5-scale) in less than 5 minutes.","Speed","Elite (4 pts)","7.5%"
"The Nightmare","Nightmare Veteran","Kill The Nightmare 25 times.","Kill Count","Elite (4 pts)","10.3%"
"The Nightmare","Explosion!","Kill two Husks at the same time.","Mechanical","Elite (4 pts)","6.1%"
"The Nightmare","Nightmare (Solo) Speed-Trialist","Defeat the Nightmare (Solo) in less than 23 minutes.","Speed","Elite (4 pts)","5.2%"
"The Nightmare","Sleep Tight","Kill the Nightmare solo.","Restriction","Elite (4 pts)","5.4%"
"Theatre of Blood","Theatre of Blood Veteran","Complete the Theatre of Blood 25 times.","Kill Count","Elite (4 pts)","10.8%"
"Theatre of Blood: Entry Mode","Don't Look at Me!","Kill Xarpus in the Theatre of Blood: Entry Mode without him reflecting any damage to anyone.","Mechanical","Elite (4 pts)","28.3%"
"Theatre of Blood: Entry Mode","Just To Be Safe","Defeat Sotetseg in the Theatre of Blood: Entry Mode after having split the big ball with your entire team. This must be done with a group size of at least 2.","Mechanical","Elite (4 pts)","22.6%"
"Theatre of Blood: Entry Mode","They Won't Expect This","In the Theatre of Blood: Entry Mode, enter the Pestilent Bloat room from the opposite side.","Mechanical","Elite (4 pts)","21.4%"
"Theatre of Blood: Entry Mode","Chally Time","Defeat the Pestilent Bloat in the Theatre of Blood: Entry Mode by using a halberd special attack as your final attack.","Mechanical","Elite (4 pts)","15.7%"
"Theatre of Blood: Entry Mode","Anticoagulants","Defeat the Maiden of Sugadinti in the Theatre of Blood: Entry Mode without letting any bloodspawn live for longer than 10 seconds.","Mechanical","Elite (4 pts)","31.9%"
"Theatre of Blood: Entry Mode","No-Pillar","Survive Verzik Vitur's pillar phase in the Theatre of Blood: Entry Mode without losing a single pillar.","Mechanical","Elite (4 pts)","45.2%"
"Theatre of Blood: Entry Mode","Attack, Step, Wait","Survive Verzik Vitur's second phase in the Theatre of Blood: Entry Mode without anyone getting bounced by Verzik.","Mechanical","Elite (4 pts)","18.3%"
"Theatre of Blood: Entry Mode","Pass It On","In the Theatre of Blood: Entry Mode, successfully pass on the green ball to a team mate.","Mechanical","Elite (4 pts)","11.8%"
"Theatre of Blood: Entry Mode","Appropriate Tools","Defeat the Pestilent Bloat in the Theatre of Blood: Entry Mode with everyone having a salve amulet equipped.","Mechanical","Elite (4 pts)","30.4%"
"Theatre of Blood: Entry Mode","Nylocas, On the Rocks","In the Theatre of Blood: Entry Mode, freeze any 4 Nylocas with a single Ice Barrage spell.","Mechanical","Elite (4 pts)","14.1%"
"Thermonuclear Smoke Devil","Spec'd Out","Kill the Thermonuclear Smoke Devil using only special attacks.","Restriction","Elite (4 pts)","19.3%"
"Thermonuclear Smoke Devil","Thermonuclear Veteran","Kill the Thermonuclear Smoke Devil 20 times.","Kill Count","Elite (4 pts)","28.8%"
"Thermonuclear Smoke Devil","Hazard Prevention","Kill the Thermonuclear Smoke Devil without it hitting anyone.","Perfection","Elite (4 pts)","20.7%"
"Tombs of Amascut","No skipping allowed","Defeat Ba-Ba after only attacking the non-weakened boulders in the rolling boulder phase, without dying yourself. The Boulderdash invocation must be activated.","Mechanical","Elite (4 pts)","9.8%"
"Tombs of Amascut","Down Do Specs","Defeat the Wardens after staggering the boss a maximum of twice during phase two, without dying yourself.","Mechanical","Elite (4 pts)","22.9%"
"Tombs of Amascut","Dropped the ball","Defeat Akkha without dropping any materialising orbs and without dying yourself.","Mechanical","Elite (4 pts)","36.9%"
"Tombs of Amascut","Helpful spirit who?","Complete the Tombs of Amascut without using any supplies from the Helpful Spirit and without anyone dying. Honey locusts are included in this restriction.","Restriction","Elite (4 pts)","8.2%"
"Tombs of Amascut","Hardcore Raiders","Complete the Tombs of Amascut in a group of two or more without anyone dying.","Perfection","Elite (4 pts)","33%"
"Tombs of Amascut","Perfect Crondis","Complete the Crondis room without letting a crocodile get to the tree, without anyone losing water from their container and in under one minute.","Perfection","Elite (4 pts)","35.2%"
"Tombs of Amascut","Hardcore Tombs","Complete the Tombs of Amascut solo without dying.","Perfection","Elite (4 pts)","30.8%"
"Tombs of Amascut","Perfect Apmeken","Complete the Apmeken room in a group of two or more, without anyone allowing any dangers to trigger, standing in venom or being hit by a volatile baboon. You must complete this room in less than three minutes.","Perfection","Elite (4 pts)","29.5%"
"Tombs of Amascut","I'm in a rush","Defeat Ba-Ba after destroying four or fewer rolling boulders in total without dying yourself.","Mechanical","Elite (4 pts)","26.1%"
"Tombs of Amascut","Perfect Het","Complete the Het room without taking any damage from the light beam and orbs. You must destroy the core after one exposure.","Perfection","Elite (4 pts)","34.3%"
"Tombs of Amascut","Tomb Explorer","Complete the Tombs of Amascut once.","Kill Count","Elite (4 pts)","44.6%"
"Tombs of Amascut: Entry Mode","Novice Tomb Raider","Complete the Tombs of Amascut in Entry mode (or above) 50 times.","Kill Count","Elite (4 pts)","23%"
"Tombs of Amascut: Expert Mode","Expert Tomb Explorer","Complete the Tombs of Amascut (Expert mode) once.","Kill Count","Elite (4 pts)","30.9%"
"Tormented Demon","Unending Torment","Kill a Tormented Demon.","Kill Count","Elite (4 pts)","43.1%"
"Tormented Demon","Two Times the Torment","Kill two Tormented Demons within 2 seconds.","Restriction","Elite (4 pts)","6.3%"
"Tormented Demon","Rapid Reload","Hit three Tormented Demons within 3 seconds using a ballista or a crossbow.","Mechanical","Elite (4 pts)","7.9%"
"Tormented Demon","Through Fire and Flames","Kill a Tormented Demon whilst their shield is inactive.","Restriction","Elite (4 pts)","42%"
"TzHaar-Ket-Rak's Challenges","Facing Jad Head-on III","Complete TzHaar-Ket-Rak's second challenge with only melee.","Restriction","Elite (4 pts)","9.2%"
"TzHaar-Ket-Rak's Challenges","The II Jad Challenge","Complete TzHaar-Ket-Rak's second challenge.","Kill Count","Elite (4 pts)","14.3%"
"TzHaar-Ket-Rak's Challenges","TzHaar-Ket-Rak's Speed-Trialist","Complete TzHaar-Ket-Rak's first challenge in less than 45 seconds.","Speed","Elite (4 pts)","7.1%"
"TzKal-Zuk","Half-Way There","Kill a Jal-Zek within the Inferno.","Kill Count","Elite (4 pts)","19.4%"
"TzTok-Jad","Fight Caves Veteran","Complete the Fight Caves once.","Kill Count","Elite (4 pts)","71.1%"
"TzTok-Jad","Facing Jad Head-on","Complete the Fight Caves with only melee.","Restriction","Elite (4 pts)","13.1%"
"TzTok-Jad","A Near Miss!","Complete the Fight Caves after surviving a hit from TzTok-Jad without praying.","Mechanical","Elite (4 pts)","38.8%"
"Vardorvis","Vardorvis Adept","Kill Vardorvis once.","Kill Count","Elite (4 pts)","25.2%"
"Vardorvis","Vardorvis Speed-Trialist","Kill Vardorvis in less than 1:15 minutes without a slayer task.","Speed","Elite (4 pts)","15.5%"
"Venenatis","Venenatis Veteran","Kill Venenatis 20 times.","Kill Count","Elite (4 pts)","24.9%"
"Vet'ion","Vet'eran","Kill Vet'ion 20 times.","Kill Count","Elite (4 pts)","32.6%"
"Vorkath","Stick 'em With the Pointy End","Kill Vorkath using melee weapons only.","Restriction","Elite (4 pts)","25.6%"
"Vorkath","Vorkath Veteran","Kill Vorkath 50 times.","Kill Count","Elite (4 pts)","45.2%"
"Vorkath","Zombie Destroyer","Kill Vorkath's zombified spawn without using crumble undead.","Restriction","Elite (4 pts)","21.9%"
"Whisperer","Whisperer Speed-Trialist","Kill the Whisperer in less than 3:00 without a slayer task.","Speed","Elite (4 pts)","9.5%"
"Whisperer","Tentacular","Kill the Whisperer whilst only being on the Arceuus spellbook.","Restriction","Elite (4 pts)","10.9%"
"Whisperer","Whisperer Adept","Kill the Whisperer once.","Kill Count","Elite (4 pts)","16.1%"
"Yama","Back so soon?","Defeat Yama without the judge being attacked with the wrong style and without taking more than one instance of damage each time you are exiled from the arena.","Mechanical","Elite (4 pts)","20.6%"
"Yama","Yama Adept","Defeat Yama once.","Kill Count","Elite (4 pts)","22.2%"
"Yama","Yama Speed-Trialist","Defeat Yama in an average time of under 3:38 over your last four kills.","Speed","Elite (4 pts)","15.6%"
"Zalcano","Perfect Zalcano","Kill Zalcano 5 times in a row without leaving or getting hit by the following: Falling rocks, rock explosions, Zalcano powering up, or standing in a red symbol.","Perfection","Elite (4 pts)","19%"
"Zalcano","Team Player","Receive imbued tephra from a golem.","Mechanical","Elite (4 pts)","25.1%"
"Zalcano","Zalcano Veteran","Kill Zalcano 25 times.","Kill Count","Elite (4 pts)","27.3%"
"Zalcano","The Spurned Hero","Kill Zalcano as the player who has dealt the most damage to her.","Mechanical","Elite (4 pts)","28.3%"
"Zulrah","Zulrah Speed-Trialist","Kill Zulrah in less than 1 minute 20 seconds, without a slayer task.","Speed","Elite (4 pts)","30.4%"
"Zulrah","Snake Rebound","Kill Zulrah by using the Vengeance spell as the finishing blow.","Mechanical","Elite (4 pts)","19.5%"
"Zulrah","Snake. Snake!? Snaaaaaake!","Kill 3 Snakelings simultaneously.","Mechanical","Elite (4 pts)","34.1%"
"Zulrah","Zulrah Veteran","Kill Zulrah 75 times.","Kill Count","Elite (4 pts)","34.4%"
"Alchemical Hydra","The Flame Skipper","Kill the Alchemical Hydra without letting it spawn a flame wall attack.","Mechanical","Master (5 pts)","20.2%"
"Alchemical Hydra","Unrequired Antipoisons","Kill the Alchemical Hydra without being hit by the acid pool attack.","Mechanical","Master (5 pts)","23.9%"
"Alchemical Hydra","Working Overtime","Kill the Alchemical Hydra 15 times without leaving the room.","Stamina","Master (5 pts)","17.1%"
"Alchemical Hydra","Don't Flame Me","Kill the Alchemical Hydra without being hit by the flame wall attack.","Mechanical","Master (5 pts)","24.5%"
"Alchemical Hydra","Lightning Lure","Kill the Alchemical Hydra without being hit by the lightning attack.","Mechanical","Master (5 pts)","24.3%"
"Alchemical Hydra","Alchemical Master","Kill the Alchemical Hydra 150 times.","Kill Count","Master (5 pts)","22.6%"
"Alchemical Hydra","Mixing Correctly","Kill the Alchemical Hydra without empowering it.","Mechanical","Master (5 pts)","23.3%"
"Alchemical Hydra","Alcleanical Hydra","Kill the Alchemical Hydra without taking any damage.","Perfection","Master (5 pts)","23.1%"
"Alchemical Hydra","Alchemical Speed-Chaser","Kill the Alchemical Hydra in less than 1 minute 45 seconds.","Speed","Master (5 pts)","15%"
"Araxxor","Araxxor Master","Kill Araxxor 75 times.","Kill Count","Master (5 pts)","24.1%"
"Araxxor","Arachnid Lover","Kill Araxxor 10 times without leaving.","Stamina","Master (5 pts)","15.1%"
"Araxxor","Araxxor Speed-Chaser","Kill Araxxor 5 times in 10:00.","Speed","Master (5 pts)","18.8%"
"Araxxor","Perfect Araxxor","Kill Araxxor perfectly, without taking damage from Araxxor's Mage & Range attacks, melee attack off prayer, araxyte minions damage, or damage from acid pools.","Perfection","Master (5 pts)","19.3%"
"Araxxor","Araxyte Betrayal","Have an Araxyte kill three other Araxytes.","Mechanical","Master (5 pts)","12.7%"
"Araxxor","Let it seep in","Kill Araxxor without ever having venom or poison immunity.","Restriction","Master (5 pts)","17.8%"
"Cerberus","Arooo No More","Kill Cerberus without any of the Summoned Souls being spawned.","Mechanical","Master (5 pts)","30.7%"
"Cerberus","Cerberus Master","Kill Cerberus 150 times.","Kill Count","Master (5 pts)","27.3%"
"Chambers of Xeric","Undying Raider","Complete a Chambers of Xeric solo raid without dying.","Perfection","Master (5 pts)","9%"
"Chambers of Xeric","Playing with Lasers","Clear the Crystal Crabs room without wasting an orb after the first crystal has been activated.","Perfection","Master (5 pts)","28.2%"
"Chambers of Xeric","Chambers of Xeric (Trio) Speed-Chaser","Complete a Chambers of Xeric (Trio) in less than 16 minutes and 30 seconds.","Speed","Master (5 pts)","4.6%"
"Chambers of Xeric","Anvil No More","Kill Tekton before he returns to his anvil for a second time after the fight begins.","Mechanical","Master (5 pts)","32%"
"Chambers of Xeric","Blind Spot","Kill Tekton without taking any damage.","Perfection","Master (5 pts)","19.6%"
"Chambers of Xeric","Chambers of Xeric (Solo) Speed-Chaser","Complete a Chambers of Xeric (Solo) in less than 21 minutes.","Speed","Master (5 pts)","4%"
"Chambers of Xeric","Perfect Olm (Solo)","Kill the Great Olm in a solo raid without taking damage from any of the following: Teleport portals, Fire Walls, Healing pools, Crystal Bombs, Crystal Burst or Prayer Orbs. You also cannot let his claws regenerate or take damage from the same acid pool back to back.","Perfection","Master (5 pts)","5.9%"
"Chambers of Xeric","Stop Drop and Roll","Kill Vasa Nistirio before he performs his teleport attack for the second time.","Mechanical","Master (5 pts)","23.2%"
"Chambers of Xeric","Perfect Olm (Trio)","Kill the Great Olm in a trio raid without any team member taking damage from any of the following: Teleport portals, Fire Walls, Healing pools, Crystal Bombs, Crystal Burst or Prayer Orbs. You also cannot let his claws regenerate or take damage from the same acid pool back to back.","Perfection","Master (5 pts)","3.8%"
"Chambers of Xeric","Putting It Olm on the Line","Complete a Chambers of Xeric solo raid with more than 40,000 points.","Mechanical","Master (5 pts)","5.4%"
"Chambers of Xeric","Chambers of Xeric Master","Complete the Chambers of Xeric 75 times.","Kill Count","Master (5 pts)","17.2%"
"Chambers of Xeric","A Not So Special Lizard","Kill the Great Olm in a solo raid without letting him use any of the following special attacks in his second to last phase: Crystal Burst, Lightning Walls, Teleportation Portals or left-hand autohealing.","Mechanical","Master (5 pts)","6.1%"
"Chambers of Xeric","Chambers of Xeric (5-Scale) Speed-Chaser","Complete a Chambers of Xeric (5-scale) in less than 15 minutes.","Speed","Master (5 pts)","3.5%"
"Chambers of Xeric","No Time for Death","Clear the Tightrope room without Killing any Deathly Mages or Deathly Rangers.","Mechanical","Master (5 pts)","16.1%"
"Chambers of Xeric: Challenge Mode","Chambers of Xeric: CM (Trio) Speed-Chaser","Complete a Chambers of Xeric: Challenge Mode (Trio) in less than 35 minutes.","Speed","Master (5 pts)","8.8%"
"Chambers of Xeric: Challenge Mode","Immortal Raider","Complete a Chambers of Xeric Challenge mode (Solo) raid without dying.","Perfection","Master (5 pts)","4.3%"
"Chambers of Xeric: Challenge Mode","Chambers of Xeric: CM Master","Complete the Chambers of Xeric: Challenge Mode 10 times.","Kill Count","Master (5 pts)","10.6%"
"Chambers of Xeric: Challenge Mode","Chambers of Xeric: CM (Solo) Speed-Chaser","Complete a Chambers of Xeric: Challenge Mode (Solo) in less than 45 minutes.","Speed","Master (5 pts)","3.3%"
"Chambers of Xeric: Challenge Mode","Chambers of Xeric: CM (5-Scale) Speed-Chaser","Complete a Chambers of Xeric: Challenge Mode (5-scale) in less than 30 minutes.","Speed","Master (5 pts)","4.5%"
"Chambers of Xeric: Challenge Mode","Immortal Raid Team","Complete a Chambers of Xeric: Challenge mode raid without anyone dying.","Perfection","Master (5 pts)","12.3%"
"Commander Zilyana","Moving Collateral","Kill Commander Zilyana in a private instance without attacking her directly.","Restriction","Master (5 pts)","6.3%"
"Corporeal Beast","Corporeal Beast Master","Kill the Corporeal Beast 50 times.","Kill Count","Master (5 pts)","10.9%"
"Corrupted Hunllef","Corrupted Warrior","Kill the Corrupted Hunllef with a full set of perfected corrupted armour equipped.","Restriction","Master (5 pts)","16.2%"
"Corrupted Hunllef","Corrupted Gauntlet Speed-Chaser","Complete a Corrupted Gauntlet in less than 7 minutes and 5 seconds.","Speed","Master (5 pts)","8.2%"
"Corrupted Hunllef","Perfect Corrupted Hunllef","Kill the Corrupted Hunllef without taking damage from: Tornadoes, Damaging Floor or Stomp Attacks. Also, do not take damage off prayer and do not attack the Corrupted Hunllef with the wrong weapon.","Perfection","Master (5 pts)","28.1%"
"Corrupted Hunllef","Defence Doesn't Matter II","Kill the Corrupted Hunllef without making any armour within the Corrupted Gauntlet.","Restriction","Master (5 pts)","9.7%"
"Corrupted Hunllef","Corrupted Gauntlet Master","Complete the Corrupted Gauntlet 10 times.","Kill Count","Master (5 pts)","33.2%"
"Crystalline Hunllef","Perfect Crystalline Hunllef","Kill the Crystalline Hunllef without taking damage from: Tornadoes, Damaging Floor or Stomp Attacks. Also, do not take damage off prayer and do not attack the Crystalline Hunllef with the wrong weapon.","Perfection","Master (5 pts)","19.4%"
"Crystalline Hunllef","Gauntlet Speed-Chaser","Complete the Gauntlet in less than 4 minutes and 45 seconds.","Speed","Master (5 pts)","5.7%"
"Crystalline Hunllef","Gauntlet Master","Complete the Gauntlet 20 times.","Kill Count","Master (5 pts)","36.6%"
"Crystalline Hunllef","Defence Doesn't Matter","Kill the Crystalline Hunllef without making any armour within the Gauntlet.","Restriction","Master (5 pts)","19.9%"
"Doom of Mokhaiotl","Doom Veteran","Defeat the Doom of Mokhaiotl at delve level 8.","Kill Count","Master (5 pts)","10.5%"
"Doom of Mokhaiotl","Mine's Better","Defeat the Doom of Mokhaiotl levels 1-8 whilst always wearing a shield.","Restriction","Master (5 pts)","2%"
"Doom of Mokhaiotl","Doom Chaser","Defeat the Doom of Mokhaiotl levels 1-8 in less than 10:00.","Speed","Master (5 pts)","5.1%"
"Doom of Mokhaiotl","Grub Patrol","Defeat the Doom of Mokhaiotl levels 1-8 without ever letting a grub be absorbed.","Mechanical","Master (5 pts)","6.8%"
"Doom of Mokhaiotl","Mokhaiotl Drift","Defeat the Doom of Mokhaiotl at level 8 or above before he finishes the first burrow phase.","Mechanical","Master (5 pts)","6.2%"
"Duke Sucellus","Duke Sucellus Master","Kill Duke Sucellus 50 times.","Kill Count","Master (5 pts)","21.5%"
"Duke Sucellus","Duke Sucellus Speed-Chaser","Kill Duke Sucellus in less than 50 seconds without a slayer task.","Speed","Master (5 pts)","12.7%"
"Duke Sucellus","Cold Feet","Kill Duke Sucellus without taking any avoidable damage, whilst also never running.","Restriction","Master (5 pts)","8.4%"
"Duke Sucellus","Perfect Duke Sucellus","Kill Duke Sucellus without taking any avoidable damage 5 times without leaving.","Perfection","Master (5 pts)","17.9%"
"Fortis Colosseum","I Brought Mine Too","Defeat Sol Heredit using only a Spear, Hasta or Halberd.","Restriction","Master (5 pts)","4%"
"Fortis Colosseum","Showboating","Defeat Sol Heredit after using Fortis Salute to the north, east, south and west of the arena while he is below 10% hitpoints.","Mechanical","Master (5 pts)","2.1%"
"Fortis Colosseum","Sportsmanship","Defeat Sol Heredit once.","Kill Count","Master (5 pts)","13.4%"
"Fortis Colosseum","Colosseum Speed-Chaser","Complete the Colosseum with a total time of 28:00 or less.","Speed","Master (5 pts)","4.4%"
"Fortis Colosseum","One-off","Complete Wave 11 with either 'Red Flag', 'Dynamic Duo', or 'Doom II' active.","Mechanical","Master (5 pts)","9.1%"
"Grotesque Guardians","Grotesque Guardians Speed-Chaser","Kill the Grotesque Guardians in less than 1:40 minutes.","Speed","Master (5 pts)","19.9%"
"Grotesque Guardians","Perfect Grotesque Guardians II","Kill the Grotesque Guardians 5 times in a row without leaving the instance, whilst completing the Perfect Grotesque Guardians task every time.","Perfection","Master (5 pts)","18.9%"
"Grotesque Guardians","... 'til Dawn","Kill the Grotesque Guardians 20 times without leaving the instance.","Stamina","Master (5 pts)","14%"
"Hespori","Hespori Speed-Chaser","Kill the Hespori in less than 36 seconds.","Speed","Master (5 pts)","10%"
"Kraken","One Hundred Tentacles","Kill the Kraken 100 times in a private instance without leaving the room.","Stamina","Master (5 pts)","25.5%"
"Kree'arra","Collateral Damage","Kill Kree'arra in a private instance without ever attacking him directly.","Mechanical","Master (5 pts)","6.2%"
"Kree'arra","Swoop No More","Kill Kree'arra in a private instance without taking any melee damage from the boss or his bodyguards.","Perfection","Master (5 pts)","9%"
"Leviathan","Serpentine Solo","Kill the Leviathan without stunning the boss more than once.","Mechanical","Master (5 pts)","13.3%"
"Leviathan","Leviathan Master","Kill the Leviathan 50 times.","Kill Count","Master (5 pts)","10.5%"
"Leviathan","Perfect Leviathan","Kill the Leviathan perfectly 5 times without leaving.","Perfection","Master (5 pts)","6%"
"Leviathan","Leviathan Speed-Chaser","Kill the Leviathan in less than 1:25 without a slayer task.","Speed","Master (5 pts)","5.5%"
"Maggot King","Digging in","Kill the Maggot King without moving more than 40 tiles.","Restriction","Master (5 pts)","3.1%"
"Maggot King","Camping the King","Kill the Maggot King 12 times without leaving the arena.","Stamina","Master (5 pts)","2.5%"
"Maggot King","Cordoned Off","Kill the Maggot King without moving beyond the back row of tiles.","Restriction","Master (5 pts)","3%"
"Maggot King","Perfect Maggot King","Kill the Maggot King without taking any avoidable damage or him ever being healed.","Perfection","Master (5 pts)","2.2%"
"Maggot King","King-sized clobbering","Kill the Maggot King without missing a single melee punish.","Mechanical","Master (5 pts)","5.7%"
"Nex","Contain this!","Kill Nex without anyone taking damage from any Ice special attack.","Mechanical","Master (5 pts)","22.6%"
"Nex","A siphon will solve this","Kill Nex without letting her heal from her Blood Siphon special attack.","Mechanical","Master (5 pts)","21%"
"Nex","There is no escape!","Kill Nex without anyone being hit by the Smoke Dash special attack.","Mechanical","Master (5 pts)","22.9%"
"Nex","Nex Master","Kill Nex 25 times.","Kill Count","Master (5 pts)","18.6%"
"Nex","Shadows Move...","Kill Nex without anyone being hit by the Shadow Smash attack.","Mechanical","Master (5 pts)","22.6%"
"Nex","Nex Trio","Kill Nex with three or less players at the start of the fight.","Restriction","Master (5 pts)","8.6%"
"Phantom Muspah","Space is Tight","Kill the Phantom Muspah whilst it is surrounded by spikes.","Mechanical","Master (5 pts)","19.8%"
"Phantom Muspah","Phantom Muspah Speed-Chaser","Kill the Phantom Muspah in less than 2 minutes without a slayer task.","Speed","Master (5 pts)","8.8%"
"Phantom Muspah","Essence Farmer","Kill the Phantom Muspah 10 times in one trip.","Stamina","Master (5 pts)","10.4%"
"Phantom Muspah","Walk Straight Pray True","Kill the Phantom Muspah without taking any avoidable damage.","Perfection","Master (5 pts)","23.4%"
"Phantom Muspah","Phantom Muspah Master","Kill the Phantom Muspah 50 times.","Kill Count","Master (5 pts)","22.4%"
"Phantom Muspah","More than just a ranged weapon","Kill the Phantom Muspah by only dealing damage to it with a salamander.","Restriction","Master (5 pts)","7.5%"
"Phosani's Nightmare","Crush Hour","Kill Phosani's Nightmare while killing every parasite and husk in one hit.","Mechanical","Master (5 pts)","7.7%"
"Phosani's Nightmare","Phosani's Speedchaser","Kill Phosani's Nightmare within 7 minutes and 30 seconds.","Speed","Master (5 pts)","7.5%"
"Phosani's Nightmare","Phosani's Master","Kill Phosani's Nightmare 5 times.","Kill Count","Master (5 pts)","7.9%"
"Phosani's Nightmare","I Would Simply React","Kill Phosani's Nightmare without allowing your prayer to be disabled.","Mechanical","Master (5 pts)","7.2%"
"Phosani's Nightmare","Dreamland Express","Kill Phosani's Nightmare without a sleepwalker reaching her during her desperation phase.","Mechanical","Master (5 pts)","7.6%"
"Skotizo","Precise Positioning","Kill Skotizo with the final source of damage being a Chinchompa explosion.","Restriction","Master (5 pts)","22.2%"
"The Hueycoatl","Is it a bird?","Kill the Hueycoatl using only dragonbane weaponry.","Restriction","Master (5 pts)","19%"
"The Hueycoatl","Hueycoatl Speed-Chaser","Kill the Hueycoatl in 2:30 with five or fewer players.","Speed","Master (5 pts)","13.7%"
"The Nightmare","Nightmare (5-Scale) Speed-Chaser","Defeat the Nightmare (5-scale) in less than 4 minutes.","Speed","Master (5 pts)","4.3%"
"The Nightmare","Nightmare Master","Kill The Nightmare 50 times.","Kill Count","Master (5 pts)","8.3%"
"The Nightmare","Perfect Nightmare","Kill the Nightmare without any player taking damage from the following attacks: Nightmare rifts, an un-cured parasite explosion, Corpse flowers or the Nightmare's Surge. Also, no player can take damage off prayer or have their attacks slowed by the Nightmare spores.","Perfection","Master (5 pts)","3.3%"
"The Nightmare","Nightmare (Solo) Speed-Chaser","Defeat the Nightmare (Solo) in less than 19 minutes.","Speed","Master (5 pts)","4.1%"
"Theatre of Blood","Perfect Nylocas","Kill the Nylocas Vasilias without anyone in the team attacking any Nylocas with the wrong attack style, without letting a pillar collapse and without getting hit by any of the Nylocas Vasilias attacks whilst off prayer.","Perfection","Master (5 pts)","3.9%"
"Theatre of Blood","Perfect Bloat","Kill the Pestilent Bloat without anyone in the team taking damage from the following sources: Pestilent flies, Falling body parts or The Pestilent Bloats stomp attack.","Perfection","Master (5 pts)","9.4%"
"Theatre of Blood","Pop It","Kill Verzik without any Nylocas being frozen and without anyone taking damage from the Nylocas.","Mechanical","Master (5 pts)","6.1%"
"Theatre of Blood","Perfect Sotetseg","Kill Sotetseg without anyone in the team stepping on the wrong tile in the maze, without getting hit by the tornado and without taking any damage from Sotetseg's attacks whilst off prayer.","Perfection","Master (5 pts)","6.9%"
"Theatre of Blood","Theatre (4-Scale) Speed-Chaser","Complete the Theatre of Blood (4-scale) in less than 17 minutes.","Speed","Master (5 pts)","5.4%"
"Theatre of Blood","Theatre (Trio) Speed-Chaser","Complete the Theatre of Blood (Trio) in less than 20 minutes.","Speed","Master (5 pts)","6.5%"
"Theatre of Blood","Theatre (5-Scale) Speed-Chaser","Complete the Theatre of Blood (5-scale) in less than 16 minutes.","Speed","Master (5 pts)","3.8%"
"Theatre of Blood","Back in My Day...","Complete the Theatre of Blood without any member of the team equipping a Scythe of Vitur.","Restriction","Master (5 pts)","7.7%"
"Theatre of Blood","A Timely Snack","Kill Sotetseg after surviving at least 3 ball attacks without sharing the damage and without anyone dying throughout the fight.","Mechanical","Master (5 pts)","5.7%"
"Theatre of Blood","Can You Dance?","Kill Xarpus without anyone in the team using a ranged or magic weapon.","Restriction","Master (5 pts)","8%"
"Theatre of Blood","Two-Down","Kill the Pestilent Bloat before he shuts down for the third time.","Mechanical","Master (5 pts)","14%"
"Theatre of Blood","Theatre of Blood Master","Complete the Theatre of Blood 75 times.","Kill Count","Master (5 pts)","8.2%"
"Theatre of Blood","Can't Drain This","Kill The Maiden of Sugadinti without anyone in the team losing any prayer points.","Restriction","Master (5 pts)","3.9%"
"Theatre of Blood","Perfect Maiden","Kill The Maiden of Sugadinti without anyone in the team taking damage from the following sources: Blood Spawn projectiles and Blood Spawn trails. Also, without taking damage off prayer and without letting any of the Nylocas Matomenos heal The Maiden.","Perfection","Master (5 pts)","6.8%"
"Theatre of Blood","Perfect Xarpus","Kill Xarpus without anyone in the team taking any damage from Xarpus' attacks and without letting an exhumed heal Xarpus more than twice.","Perfection","Master (5 pts)","3.6%"
"Theatre of Blood","Perfect Verzik","Defeat Verzik Vitur without anyone in the team taking damage from Verzik Vitur's attacks other than her spider form's correctly prayed against regular magical and ranged attacks.","Perfection","Master (5 pts)","1.8%"
"Theatre of Blood: Entry Mode","Theatre of Blood: SM Speed-Chaser","Complete the Theatre of Blood: Entry Mode in less than 17 minutes.","Speed","Master (5 pts)","10.9%"
"Theatre of Blood: Hard Mode","Hard Mode? Completed It","Complete the Theatre of Blood: Hard Mode within the challenge time.","Speed","Master (5 pts)","5.3%"
"Tombs of Amascut","Perfect Wardens","Defeat The Wardens in a group of two or more, without anyone taking avoidable damage from the following: Warden attacks, obelisk attacks, lightning attacks in phase three, skull attack in phase three, Demi god attacks in phase three. You must have all Wardens invocations activated.","Perfection","Master (5 pts)","2.8%"
"Tombs of Amascut","You are not prepared","Complete a full Tombs of Amascut raid only using supplies given inside the tomb and without anyone dying.","Restriction","Master (5 pts)","8.3%"
"Tombs of Amascut","Tomb Looter","Complete the Tombs of Amascut 25 times.","Kill Count","Master (5 pts)","27.6%"
"Tombs of Amascut","Tombs Speed Runner","Complete the Tombs of Amascut (normal) within 18 mins at any group size.","Speed","Master (5 pts)","3.1%"
"Tombs of Amascut","Better get movin'","Defeat Elidinis' Warden in phase three of the Wardens fight with 'Aerial Assault', 'Stay vigilant' and 'Insanity' invocations activated and without dying yourself.","Mechanical","Master (5 pts)","20%"
"Tombs of Amascut","Chompington","Defeat Zebak using only melee attacks and without dying yourself.","Mechanical","Master (5 pts)","11.1%"
"Tombs of Amascut","Perfect Kephri","Defeat Kephri in a group of two or more, without anyone taking any damage from the following: egg explosions, Kephri's attacks, Exploding Scarabs, Bodyguards, dung attacks. No eggs may hatch throughout the fight.","Perfection","Master (5 pts)","9.5%"
"Tombs of Amascut","Tomb Raider","Complete the Tombs of Amascut 50 times.","Kill Count","Master (5 pts)","22%"
"Tombs of Amascut","Perfect Scabaras","Complete the Scabaras room in less than a minute without anyone taking any damage from puzzles.","Perfection","Master (5 pts)","35.1%"
"Tombs of Amascut","Perfect Ba-Ba","Defeat Ba-Ba in a group of two or more, without anyone taking any damage from the following: Ba-Ba's Attacks off-prayer, Ba-Ba's slam, rolling boulders, rubble attack or falling rocks. No sarcophagi may be opened. You must have all Ba-Ba invocations activated.","Perfection","Master (5 pts)","9.9%"
"Tombs of Amascut","Perfect Zebak","Defeat Zebak without anyone taking any damage from: poison, Zebak's basic attacks off-prayer, blood spawns and waves. You also must not push more than two jugs on the roar attack during the fight (you may destroy stationary ones). You must have all Zebak invocations activated.","Perfection","Master (5 pts)","16.7%"
"Tombs of Amascut","Perfect Akkha","Complete Akkha in a group of two or more, without anyone taking any damage from the following: Akkha's attacks off-prayer, Akkha's special attacks (orbs, memory, detonate), exploding shadow timers, orbs in the enrage phase or attacking Akkha with the wrong style. You must have all Akkha invocations activated.","Perfection","Master (5 pts)","3%"
"Tombs of Amascut: Expert Mode","Expert Tomb Looter","Complete the Tombs of Amascut (Expert mode) 25 times.","Kill Count","Master (5 pts)","18.2%"
"Tombs of Amascut: Expert Mode","All out of medics","Defeat Kephri without letting her heal above 25% after the first down. The 'Medic' invocation must be activated. You must do this without dying yourself.","Mechanical","Master (5 pts)","6.8%"
"Tombs of Amascut: Expert Mode","Resourceful Raider","Complete the Tombs of Amascut with the ""On a diet"" and ""Dehydration"" invocations activated and without anyone dying.","Restriction","Master (5 pts)","8.4%"
"Tombs of Amascut: Expert Mode","Warden't you believe it","Defeat the Wardens with all Wardens invocations activated, at expert level and without dying yourself.","Mechanical","Master (5 pts)","19.9%"
"Tombs of Amascut: Expert Mode","Fancy feet","Complete phase three of The Wardens in a group of two or more, using only melee attacks and without dying yourself. The 'Insanity' invocation must be activated.","Restriction","Master (5 pts)","3.8%"
"Tombs of Amascut: Expert Mode","Doesn't bug me","Defeat Kephri with all Kephri invocations activated and the path levelled up to at least four, without dying yourself.","Mechanical","Master (5 pts)","3.6%"
"Tombs of Amascut: Expert Mode","But... Damage","Complete the Tombs of Amascut without anyone in your party wearing or holding any equipment at tier 75 or above.","Restriction","Master (5 pts)","4.5%"
"Tombs of Amascut: Expert Mode","Something of an expert myself","Complete the Tombs of Amascut raid at level 350 or above without anyone dying.","Mechanical","Master (5 pts)","20.6%"
"Tombs of Amascut: Expert Mode","Ba-Bananza","Defeat Ba-Ba with all Ba-Ba invocations activated and the path levelled up to at least four, without dying yourself.","Mechanical","Master (5 pts)","11%"
"Tombs of Amascut: Expert Mode","Rockin' around the croc","Defeat Zebak with all Zebak invocations activated and the path levelled up to at least four, without dying yourself.","Mechanical","Master (5 pts)","8.5%"
"Tormented Demon","Three Times the Thrashing","Kill three Tormented Demons within 3 seconds.","Restriction","Master (5 pts)","4.5%"
"TzHaar-Ket-Rak's Challenges","The IV Jad Challenge","Complete TzHaar-Ket-Rak's fourth challenge.","Kill Count","Master (5 pts)","6.4%"
"TzHaar-Ket-Rak's Challenges","Supplies? Who Needs 'em?","Complete TzHaar-Ket-Rak's third challenge without having anything in your inventory.","Perfection","Master (5 pts)","4.9%"
"TzHaar-Ket-Rak's Challenges","Multi-Style Specialist","Complete TzHaar-Ket-Rak's third challenge while using a different attack style for each JalTok-Jad.","Mechanical","Master (5 pts)","5.6%"
"TzHaar-Ket-Rak's Challenges","Facing Jad Head-on IV","Complete TzHaar-Ket-Rak's fourth challenge with only melee.","Restriction","Master (5 pts)","4.5%"
"TzHaar-Ket-Rak's Challenges","TzHaar-Ket-Rak's Speed-Chaser","Complete TzHaar-Ket-Rak's third challenge in less than 3 minutes.","Speed","Master (5 pts)","4.6%"
"TzKal-Zuk","Nibblers, Begone!","Kill Tzkal-Zuk without letting a pillar fall before wave 67.","Perfection","Master (5 pts)","6.6%"
"TzTok-Jad","Fight Caves Speed-Chaser","Complete the Fight Caves in less than 30 minutes.","Speed","Master (5 pts)","6%"
"TzTok-Jad","You Didn't Say Anything About a Bat","Complete the Fight Caves without being attacked by a Tz-Kih.","Mechanical","Master (5 pts)","12.4%"
"TzTok-Jad","Denying the Healers","Complete the Fight caves without letting any of the Yt-MejKot heal.","Mechanical","Master (5 pts)","21%"
"TzTok-Jad","Fight Caves Master","Complete the Fight Caves 5 times.","Kill Count","Master (5 pts)","23.1%"
"Vardorvis","Perfect Vardorvis","Kill Vardorvis perfectly 5 times without leaving.","Perfection","Master (5 pts)","10.9%"
"Vardorvis","Budget Cutter","Kill Vardorvis with gear worth 2m or less in total.","Restriction","Master (5 pts)","10.4%"
"Vardorvis","Vardorvis Master","Kill Vardorvis 50 times.","Kill Count","Master (5 pts)","17.6%"
"Vardorvis","Vardorvis Speed-Chaser","Kill Vardorvis in less than 1:05 without a slayer task.","Speed","Master (5 pts)","12.6%"
"Vorkath","Extended Encounter","Kill Vorkath 10 times without leaving his area.","Stamina","Master (5 pts)","8%"
"Vorkath","Vorkath Master","Kill Vorkath 100 times.","Kill Count","Master (5 pts)","33.5%"
"Vorkath","Vorkath Speed-Chaser","Kill Vorkath in less than 1 minute and 15 seconds.","Speed","Master (5 pts)","20.6%"
"Vorkath","Dodging the Dragon","Kill Vorkath 5 times without taking any damage from his special attacks and without leaving his area.","Perfection","Master (5 pts)","10.5%"
"Vorkath","The Walk","Hit Vorkath 12 times during the acid special without getting hit by his rapid fire or the acid pools.","Mechanical","Master (5 pts)","12.4%"
"Whisperer","Whisperer Master","Kill the Whisperer 50 times.","Kill Count","Master (5 pts)","9.6%"
"Whisperer","Perfect Whisperer","Kill the Whisperer without taking avoidable damage 5 times without leaving.","Perfection","Master (5 pts)","6.7%"
"Whisperer","Whisperer Speed-Chaser","Kill the Whisperer in less than 2:25 without a slayer task.","Speed","Master (5 pts)","5.6%"
"Yama","Yama Speed-Chaser","Defeat Yama in an average time of under 3:00 over your last four kills.","Speed","Master (5 pts)","5.7%"
"Yama","Yama Veteran","Defeat Yama 50 times.","Kill Count","Master (5 pts)","17.3%"
"Yama","Fire fighter","Defeat Yama without getting hit by fire and having only killed void flares with special attacks.","Mechanical","Master (5 pts)","18.1%"
"Yama","No toppings, no drinks, thanks","Defeat Yama without anybody healing using anything other than plain pizza and without anybody drinking any potions.","Restriction","Master (5 pts)","7.7%"
"Yama","Shadow dancer","Defeat Yama without getting hit by shadows and without being more than one tile away from the center of his shadow crash attack.","Mechanical","Master (5 pts)","16.1%"
"Zulrah","Zulrah Master","Kill Zulrah 150 times.","Kill Count","Master (5 pts)","30.7%"
"Zulrah","Perfect Zulrah","Kill Zulrah whilst taking no damage from the following: Snakelings, Venom Clouds, Zulrah's Green or Crimson phase.","Perfection","Master (5 pts)","16.7%"
"Zulrah","Zulrah Speed-Chaser","Kill Zulrah in less than 1 minute, without a slayer task.","Speed","Master (5 pts)","20.2%"
"Alchemical Hydra","No Pressure","Kill the Alchemical Hydra using only Dharok's Greataxe as a weapon whilst having no more than 10 Hitpoints throughout the entire fight.","Restriction","Grandmaster (6 pts)","8.3%"
"Alchemical Hydra","Alchemical Speed-Runner","Kill the Alchemical Hydra in less than 1 minute 20 seconds.","Speed","Grandmaster (6 pts)","6.2%"
"Araxxor","Swimming in Venom","Kill Araxxor without the boss ever moving.","Restriction","Grandmaster (6 pts)","21.4%"
"Araxxor","Perfect Araxxor 2","Kill Araxxor perfectly, without hitting it during the enrage phase.","Perfection","Grandmaster (6 pts)","9.1%"
"Araxxor","Araxxor Speed-Runner","Kill Araxxor 6 times in 10:00.","Speed","Grandmaster (6 pts)","9.1%"
"Chambers of Xeric","Chambers of Xeric (Trio) Speed-Runner","Complete a Chambers of Xeric (Trio) in less than 14 minutes and 30 seconds.","Speed","Grandmaster (6 pts)","3.9%"
"Chambers of Xeric","Chambers of Xeric Grandmaster","Complete the Chambers of Xeric 150 times.","Kill Count","Grandmaster (6 pts)","13.1%"
"Chambers of Xeric","Chambers of Xeric (Solo) Speed-Runner","Complete a Chambers of Xeric (Solo) in less than 17 minutes.","Speed","Grandmaster (6 pts)","2.5%"
"Chambers of Xeric","Chambers of Xeric (5-Scale) Speed-Runner","Complete a Chambers of Xeric (5-scale) in less than 12 minutes and 30 seconds.","Speed","Grandmaster (6 pts)","3%"
"Chambers of Xeric: Challenge Mode","Chambers of Xeric: CM (Trio) Speed-Runner","Complete a Chambers of Xeric: Challenge Mode (Trio) in less than 27 minutes.","Speed","Grandmaster (6 pts)","3.8%"
"Chambers of Xeric: Challenge Mode","Chambers of Xeric: CM (Solo) Speed-Runner","Complete a Chambers of Xeric: Challenge Mode (Solo) in less than 38 minutes and 30 seconds.","Speed","Grandmaster (6 pts)","2.5%"
"Chambers of Xeric: Challenge Mode","Chambers of Xeric: CM (5-Scale) Speed-Runner","Complete a Chambers of Xeric: Challenge Mode (5-scale) in less than 25 minutes.","Speed","Grandmaster (6 pts)","2.7%"
"Chambers of Xeric: Challenge Mode","Chambers of Xeric: CM Grandmaster","Complete the Chambers of Xeric: Challenge Mode 25 times.","Kill Count","Grandmaster (6 pts)","8.3%"
"Commander Zilyana","Peach Conjurer","Kill Commander Zilyana 50 times in a privately rented instance without leaving the room.","Stamina","Grandmaster (6 pts)","5.6%"
"Commander Zilyana","Animal Whisperer","Kill Commander Zilyana in a private instance without taking any damage from the boss or bodyguards.","Perfection","Grandmaster (6 pts)","7.4%"
"Corrupted Hunllef","Corrupted Gauntlet Speed-Runner","Complete a Corrupted Gauntlet in less than 6 minutes and 5 seconds.","Speed","Grandmaster (6 pts)","3.7%"
"Corrupted Hunllef","Egniol Diet II","Kill the Corrupted Hunllef without making an egniol potion within the Corrupted Gauntlet.","Restriction","Grandmaster (6 pts)","9.9%"
"Corrupted Hunllef","Corrupted Gauntlet Grandmaster","Complete the Corrupted Gauntlet 50 times.","Kill Count","Grandmaster (6 pts)","27.1%"
"Corrupted Hunllef","Wolf Puncher II","Kill the Corrupted Hunllef without making more than one attuned weapon.","Restriction","Grandmaster (6 pts)","15.9%"
"Crystalline Hunllef","Gauntlet Speed-Runner","Complete the Gauntlet in less than 3 minutes and 45 seconds.","Speed","Grandmaster (6 pts)","3.2%"
"Doom of Mokhaiotl","The Praying Mantis","Defeat the Doom of Mokhaiotl levels 1-8 without restoring your prayer points through any method.","Restriction","Grandmaster (6 pts)","2.4%"
"Doom of Mokhaiotl","Mopping up","Clear at least 8 acid splats in a single Volatile Earth special attack.","Mechanical","Grandmaster (6 pts)","6%"
"Doom of Mokhaiotl","It's Dark Down Here","Defeat the Doom of Mokhaiotl at delve level 16.","Stamina","Grandmaster (6 pts)","3.3%"
"Doom of Mokhaiotl","Doom Racer","Defeat the Doom of Mokhaiotl levels 1-8 in less than 7:15.","Speed","Grandmaster (6 pts)","1.3%"
"Doom of Mokhaiotl","Darkness Is Your Ally?","Defeat the Doom of Mokhaiotl levels 1-8 without equipping a demonbane weapon.","Restriction","Grandmaster (6 pts)","2.4%"
"Doom of Mokhaiotl","Duel of Mokhaiotl","Defeat the Doom of Mokhaiotl levels 1-8 whilst only damaging the boss with one-handed melee attacks.","Restriction","Grandmaster (6 pts)","1.5%"
"Doom of Mokhaiotl","Perfect Doom","Defeat the Doom of Mokhaiotl levels 1-8 without taking any damage from the boss, letting any grubs be absorbed, or stepping in acid blood.","Perfection","Grandmaster (6 pts)","2.4%"
"Duke Sucellus","Mirror Image","Kill Duke Sucellus whilst only attacking the boss on the same tick Duke attacks you.","Restriction","Grandmaster (6 pts)","6.7%"
"Duke Sucellus","Duke Sucellus Sleeper","Kill Awakened Duke Sucellus.","Kill Count","Grandmaster (6 pts)","4%"
"Duke Sucellus","Duke Sucellus Speed-Runner","Kill Duke Sucellus in less than 40 seconds without a slayer task.","Speed","Grandmaster (6 pts)","8%"
"Fortis Colosseum","Colosseum Grand Champion","Defeat Sol Heredit 10 times.","Kill Count","Grandmaster (6 pts)","3.3%"
"Fortis Colosseum","Slow Dancing in the Sand","Defeat Sol Heredit without running during the fight with him.","Restriction","Grandmaster (6 pts)","2.1%"
"Fortis Colosseum","Reinforcements","Defeat Sol Heredit with ""Bees II"", ""Quartet"" and ""Solarflare II"" modifiers active.","Mechanical","Grandmaster (6 pts)","1.7%"
"Fortis Colosseum","Colosseum Speed-Runner","Complete the Colosseum with a total time of 24:00 or less.","Speed","Grandmaster (6 pts)","2.8%"
"Fortis Colosseum","Perfect Footwork","Defeat Sol Heredit without taking any damage from his Spear, Shield, Grapple or Triple Attack.","Perfection","Grandmaster (6 pts)","4.4%"
"General Graardor","Ourg Killer","Kill General Graardor 15 times in a private instance without leaving the room.","Stamina","Grandmaster (6 pts)","9.5%"
"General Graardor","Keep Away","Kill General Graardor in a private instance without taking any damage from the boss or bodyguards.","Perfection","Grandmaster (6 pts)","6.2%"
"General Graardor","Defence Matters","Kill General Graardor 2 times consecutively in a private instance without taking any damage from his bodyguards.","Perfection","Grandmaster (6 pts)","2.7%"
"Grotesque Guardians","Grotesque Guardians Speed-Runner","Kill the Grotesque Guardians in less than 1:20 minutes.","Speed","Grandmaster (6 pts)","9.4%"
"K'ril Tsutsaroth","Ash Collector","Kill K'ril Tsutsaroth 20 times in a private instance without leaving the room.","Stamina","Grandmaster (6 pts)","10.3%"
"K'ril Tsutsaroth","Demon Whisperer","Kill K'ril Tsutsaroth in a private instance without ever being hit by his bodyguards.","Perfection","Grandmaster (6 pts)","9.9%"
"Kree'arra","Feather Hunter","Kill Kree'arra 30 times in a private instance without leaving the room.","Stamina","Grandmaster (6 pts)","5%"
"Kree'arra","The Worst Ranged Weapon","Kill Kree'arra by only dealing damage to him with a salamander.","Restriction","Grandmaster (6 pts)","6.8%"
"Leviathan","Leviathan Sleeper","Kill the Awakened Leviathan.","Kill Count","Grandmaster (6 pts)","3.8%"
"Leviathan","Unconventional","Kill the Leviathan using only Mithril ammunition whilst having no more than 25 Hitpoints throughout the entire fight.","Restriction","Grandmaster (6 pts)","4.2%"
"Leviathan","Leviathan Speed-Runner","Kill the Leviathan in less than 1:10 without a slayer task.","Speed","Grandmaster (6 pts)","3.8%"
"Maggot King","Maggot King Speed Chaser","Complete the first 5 kills of the Maggot King within 9 minutes after entering the arena.","Speed","Grandmaster (6 pts)","1.1%"
"Nex","I should see a doctor","Kill Nex whilst a player is coughing.","Restriction","Grandmaster (6 pts)","16%"
"Nex","Nex Duo","Kill Nex with two or less players at the start of the fight.","Restriction","Grandmaster (6 pts)","4.3%"
"Nex","Perfect Nex","Kill Nex whilst completing the requirements for ""There is no escape"", ""Shadows move"", ""A siphon will solve this"", and ""Contain this!""","Perfection","Grandmaster (6 pts)","17.5%"
"Phantom Muspah","Phantom Muspah Manipulator","Kill the Phantom Muspah whilst completing Walk Straight Pray True, Space is Tight & Can't Escape.","Perfection","Grandmaster (6 pts)","6.9%"
"Phantom Muspah","Phantom Muspah Speed-Runner","Kill the Phantom Muspah in less than 1 minute and 30 seconds without a slayer task.","Speed","Grandmaster (6 pts)","3.5%"
"Phosani's Nightmare","Perfect Phosani's Nightmare","Kill Phosani's Nightmare while only taking damage from husks, power blasts and weakened Parasites. Also, without having your attacks slowed by the Nightmare Spores or letting a Sleepwalker reach Phosani's Nightmare.","Perfection","Grandmaster (6 pts)","5.5%"
"Phosani's Nightmare","Can't Wake Up","Kill Phosani's Nightmare 5 times in a row without leaving Phosani's Dream.","Stamina","Grandmaster (6 pts)","3.8%"
"Phosani's Nightmare","Phosani's Grandmaster","Kill Phosani's Nightmare 25 times.","Kill Count","Grandmaster (6 pts)","6.7%"
"Phosani's Nightmare","Phosani's Speedrunner","Kill Phosani's Nightmare within 6 minutes.","Speed","Grandmaster (6 pts)","5.5%"
"The Hueycoatl","Hueycoatl Speed-Runner","Kill the Hueycoatl in 2:30 with three or fewer players.","Speed","Grandmaster (6 pts)","5.3%"
"The Nightmare","Terrible Parent","Kill the Nightmare solo without the Parasites healing the boss for more than 100 health.","Mechanical","Grandmaster (6 pts)","3.1%"
"The Nightmare","Nightmare (5-Scale) Speed-Runner","Defeat the Nightmare (5-scale) in less than 3:30 minutes.","Speed","Grandmaster (6 pts)","3.1%"
"The Nightmare","A Long Trip","Kill the Nightmare without any player losing any prayer points.","Restriction","Grandmaster (6 pts)","3.1%"
"The Nightmare","Nightmare (Solo) Speed-Runner","Defeat the Nightmare (Solo) in less than 16 minutes.","Speed","Grandmaster (6 pts)","2.7%"
"Theatre of Blood","Perfect Theatre","Complete the Theatre of Blood without anyone dying through any means and whilst everyone in the team completes the following Combat Achievement tasks in a single run: ""Perfect Maiden"", ""Perfect Bloat"", ""Perfect Nylocas"", ""Perfect Sotetseg"", ""Perfect Xarpus"" and ""Perfect Verzik"".","Perfection","Grandmaster (6 pts)","1.5%"
"Theatre of Blood","Theatre (Trio) Speed-Runner","Complete the Theatre of Blood (Trio) in less than 17 minutes and 30 seconds.","Speed","Grandmaster (6 pts)","2.7%"
"Theatre of Blood","Theatre of Blood Grandmaster","Complete the Theatre of Blood 150 times.","Kill Count","Grandmaster (6 pts)","6.4%"
"Theatre of Blood","Theatre (5-Scale) Speed-Runner","Complete the Theatre of Blood (5-scale) in less than 14 minutes and 15 seconds.","Speed","Grandmaster (6 pts)","1.8%"
"Theatre of Blood","Theatre (4-Scale) Speed-Runner","Complete the Theatre of Blood (4-scale) in less than 15 minutes.","Speed","Grandmaster (6 pts)","1.9%"
"Theatre of Blood","Theatre (Duo) Speed-Runner","Complete the Theatre of Blood (Duo) in less than 26 minutes.","Speed","Grandmaster (6 pts)","2.1%"
"Theatre of Blood","Morytania Only","Complete the Theatre of Blood without any member of the team equipping a non-barrows weapon (except Dawnbringer).","Restriction","Grandmaster (6 pts)","2.4%"
"Theatre of Blood: Hard Mode","Theatre of Blood: HM Grandmaster","Complete the Theatre of Blood: Hard Mode 50 times.","Kill Count","Grandmaster (6 pts)","3%"
"Theatre of Blood: Hard Mode","Nylo Sniper","Defeat Verzik Vitur's in the Theatre of Blood: Hard Mode without anyone in your team causing a Nylocas to explode by getting too close.","Mechanical","Grandmaster (6 pts)","2.1%"
"Theatre of Blood: Hard Mode","Theatre: HM (5-Scale) Speed-Runner","Complete the Theatre of Blood: Hard Mode (5-scale) with an overall time of less than 19 minutes.","Speed","Grandmaster (6 pts)","2.7%"
"Theatre of Blood: Hard Mode","Harder Mode I","Defeat Sotetseg in the Theatre of Blood: Hard Mode without anyone sharing the ball with anyone, without anyone dying, and without anyone taking damage from any of its other attacks or stepping on the wrong tile in the maze.","Perfection","Grandmaster (6 pts)","1.9%"
"Theatre of Blood: Hard Mode","Pack Like a Yak","Complete the Theatre of Blood: Hard Mode within the challenge time, with no deaths and without anyone buying anything from a supply chest.","Restriction","Grandmaster (6 pts)","1.8%"
"Theatre of Blood: Hard Mode","Theatre: HM (4-Scale) Speed-Runner","Complete the Theatre of Blood: Hard Mode (4-scale) with an overall time of less than 21 minutes.","Speed","Grandmaster (6 pts)","2.7%"
"Theatre of Blood: Hard Mode","Stop Right There!","Defeat the Maiden of Sugadinti in the Theatre of Blood: Hard Mode without letting blood spawns create more than 15 blood trails.","Mechanical","Grandmaster (6 pts)","3.8%"
"Theatre of Blood: Hard Mode","Team Work Makes the Dream Work","When Verzik Vitur in the Theatre of Blood: Hard Mode uses her yellow power blast attack while the tornadoes are active, have everyone get through the attack without taking damage. This cannot be completed with one player alive","Mechanical","Grandmaster (6 pts)","4.1%"
"Theatre of Blood: Hard Mode","Personal Space","Defeat the Pestilent Bloat in the Theatre of Blood: Hard Mode with at least 3 people in the room, without anyone in your team standing on top of each other.","Mechanical","Grandmaster (6 pts)","1.8%"
"Theatre of Blood: Hard Mode","Harder Mode II","Defeat Xarpus in the Theatre of Blood: Hard Mode after letting the exhumeds heal him to full health and without anyone in the team taking any damage.","Perfection","Grandmaster (6 pts)","1.6%"
"Theatre of Blood: Hard Mode","Theatre: HM (Trio) Speed-Runner","Complete the Theatre of Blood: Hard Mode (Trio) with an overall time of less than 23 minutes.","Speed","Grandmaster (6 pts)","1.7%"
"Theatre of Blood: Hard Mode","Royal Affairs","In the Theatre of Blood: Hard Mode, complete the Nylocas room without ever letting the Nylocas Prinkipas change styles.","Mechanical","Grandmaster (6 pts)","2.6%"
"Theatre of Blood: Hard Mode","Harder Mode III","Defeat Verzik Vitur in the Theatre of Blood: Hard Mode without anyone attacking her with a melee weapon during her third phase.","Restriction","Grandmaster (6 pts)","1.7%"
"Tombs of Amascut: Expert Mode","Perfection of Scabaras","Complete 'Perfect Scabaras' and 'Perfect Kephri' in a single run of Tombs of Amascut.","Perfection","Grandmaster (6 pts)","6.5%"
"Tombs of Amascut: Expert Mode","Expert Tomb Raider","Complete the Tombs of Amascut (Expert mode) 50 times.","Kill Count","Grandmaster (6 pts)","14.4%"
"Tombs of Amascut: Expert Mode","Tombs Speed Runner II","Complete the Tombs of Amascut (expert) within 20 mins at any group size.","Speed","Grandmaster (6 pts)","2.5%"
"Tombs of Amascut: Expert Mode","Insanity","Complete 'Perfect Wardens' at expert or above.","Perfection","Grandmaster (6 pts)","2.6%"
"Tombs of Amascut: Expert Mode","Akkhan't Do it","Defeat Akkha with all Akkha invocations activated and the path levelled up to at least four, without dying yourself.","Mechanical","Grandmaster (6 pts)","3.8%"
"Tombs of Amascut: Expert Mode","All Praise Zebak","Defeat Zebak without losing a single prayer point. You must also meet the conditions of the 'Rockin' Around The Croc' achievement.","Mechanical","Grandmaster (6 pts)","2.5%"
"Tombs of Amascut: Expert Mode","Amascut's Remnant","Complete the Tombs of Amascut at raid level 500 or above without anyone dying.","Mechanical","Grandmaster (6 pts)","7.5%"
"Tombs of Amascut: Expert Mode","Tombs Speed Runner III","Complete the Tombs of Amascut (expert) within 18 mins in a group of 8.","Speed","Grandmaster (6 pts)","2.1%"
"Tombs of Amascut: Expert Mode","Perfection of Apmeken","Complete 'Perfect Apmeken' and 'Perfect Ba-Ba' in a single run of the Tombs of Amascut.","Perfection","Grandmaster (6 pts)","6.9%"
"Tombs of Amascut: Expert Mode","Perfection of Het","Complete 'Perfect Het' and 'Perfect Akkha' in a single run of the Tombs of Amascut.","Perfection","Grandmaster (6 pts)","2.7%"
"Tombs of Amascut: Expert Mode","Perfection of Crondis","Complete 'Perfect Crondis' and 'Perfect Zebak' in a single run of the Tombs of Amascut.","Perfection","Grandmaster (6 pts)","13.2%"
"Tombs of Amascut: Expert Mode","Maybe I'm the boss.","Complete a Tombs of Amascut raid with every single boss invocation activated and without anyone dying.","Mechanical","Grandmaster (6 pts)","2.8%"
"TzHaar-Ket-Rak's Challenges","The VI Jad Challenge","Complete TzHaar-Ket-Rak's sixth challenge.","Kill Count","Grandmaster (6 pts)","3%"
"TzHaar-Ket-Rak's Challenges","It Wasn't a Fluke","Complete TzHaar-Ket-Rak's fifth and sixth challenges back to back without failing.","Perfection","Grandmaster (6 pts)","2.3%"
"TzHaar-Ket-Rak's Challenges","TzHaar-Ket-Rak's Speed-Runner","Complete TzHaar-Ket-Rak's fifth challenge in less than 5 minutes.","Speed","Grandmaster (6 pts)","2.4%"
"TzKal-Zuk","Nibbler Chaser","Kill Tzkal-Zuk without using any magic spells during any wave in the Inferno.","Restriction","Grandmaster (6 pts)","1.8%"
"TzKal-Zuk","Jad? What Are You Doing Here?","Kill Tzkal-Zuk without killing the JalTok-Jad which spawns during wave 69.","Restriction","Grandmaster (6 pts)","2.9%"
"TzKal-Zuk","Playing with Jads","Complete wave 68 of the Inferno within 30 seconds of the first JalTok-Jad dying.","Mechanical","Grandmaster (6 pts)","1.9%"
"TzKal-Zuk","No Luck Required","Kill Tzkal-Zuk without being attacked by TzKal-Zuk and without taking damage from a JalTok-Jad.","Perfection","Grandmaster (6 pts)","10.6%"
"TzKal-Zuk","Facing Jad Head-on II","Kill Tzkal-Zuk without equipping any range or mage weapons before wave 69.","Restriction","Grandmaster (6 pts)","1.6%"
"TzKal-Zuk","Wasn't Even Close","Kill Tzkal-Zuk without letting your hitpoints fall below 50 during any wave in the Inferno.","Restriction","Grandmaster (6 pts)","2.4%"
"TzKal-Zuk","Inferno Speed-Runner","Complete the Inferno in less than 65 minutes.","Speed","Grandmaster (6 pts)","2.1%"
"TzKal-Zuk","Inferno Grandmaster","Complete the Inferno 5 times.","Kill Count","Grandmaster (6 pts)","2.4%"
"TzKal-Zuk","Budget Setup","Kill Tzkal-Zuk without equipping a Twisted Bow within the Inferno.","Restriction","Grandmaster (6 pts)","9.2%"
"TzKal-Zuk","The Floor Is Lava","Kill Tzkal-Zuk without letting Jal-ImKot dig during any wave in the Inferno.","Mechanical","Grandmaster (6 pts)","1.8%"
"TzTok-Jad","No Time for a Drink","Complete the Fight Caves without losing any prayer points.","Restriction","Grandmaster (6 pts)","2%"
"TzTok-Jad","Denying the Healers II","Complete the Fight Caves without TzTok-Jad being healed by a Yt-HurKot.","Mechanical","Grandmaster (6 pts)","8.2%"
"TzTok-Jad","Fight Caves Speed-Runner","Complete the Fight Caves in less than 26 minutes and 30 seconds.","Speed","Grandmaster (6 pts)","3%"
"Vardorvis","Axe Enthusiast","Kill Vardorvis after surviving for 3 minutes of Vardorvis' max speed, and never leaving the centre 25 tiles.","Mechanical","Grandmaster (6 pts)","5%"
"Vardorvis","Vardorvis Sleeper","Kill Awakened Vardorvis.","Kill Count","Grandmaster (6 pts)","4.3%"
"Vardorvis","Vardorvis Speed-Runner","Kill Vardorvis in less than 0:55 without a slayer task.","Speed","Grandmaster (6 pts)","7.9%"
"Vorkath","Vorkath Speed-Runner","Kill Vorkath in less than 54 seconds.","Speed","Grandmaster (6 pts)","5.9%"
"Vorkath","Faithless Encounter","Kill Vorkath without losing any prayer points.","Restriction","Grandmaster (6 pts)","14.5%"
"Vorkath","The Fremennik Way","Kill Vorkath with only your fists.","Restriction","Grandmaster (6 pts)","9.5%"
"Whisperer","Whisperer Speed-Runner","Kill the Whisperer in less than 2:05 without a slayer task.","Speed","Grandmaster (6 pts)","2.7%"
"Whisperer","Whispered","Kill the Awakened Whisperer.","Kill Count","Grandmaster (6 pts)","3.9%"
"Whisperer","Dark Memories","Kill the Whisperer whilst spending less than 6 seconds in the pre-enrage shadow realm.","Restriction","Grandmaster (6 pts)","7.2%"
"Yama","Yama Speed-Runner","Defeat Yama in an average time of under 2:34 over your last four kills.","Speed","Grandmaster (6 pts)","1.7%"
"Yama","Contract Choreographer","Defeat Yama whilst completing 'Shadow Dancer', 'Fire Fighter', 'Back so soon?' and without taking any other avoidable damage.","Perfection","Grandmaster (6 pts)","13.8%"
"Yama","Contractually Unbound","Defeat Yama under the elevated conditions of one of his non-standard contracts.","Kill Count","Grandmaster (6 pts)","3.3%"
"Zulrah","Zulrah Speed-Runner","Kill Zulrah in less than 54 seconds, without a slayer task.","Speed","Grandmaster (6 pts)","16%"
